EMPLOYEE_ID,START_DATE,END_DATE,JOB_ID,DEPARTMENT_ID
1,13-Jun-2009,30-May-1997,Senior Financial Analyst,141
2,04-Mar-1992,29-Nov-2005,Technical Writer,191
3,15-Feb-2013,10-Oct-2001,Librarian,198
4,22-Jun-2003,06-Jun-1992,Speech Pathologist,173
5,31-Mar-2000,10-Feb-2009,VP Quality Control,140
6,12-Feb-2001,27-Jun-1990,VP Quality Control,180
7,09-Apr-2001,10-Oct-2015,Human Resources Manager,152
8,27-Aug-2010,04-Jun-2013,Sales Representative,141
9,12-Dec-2010,16-Jul-2006,Registered Nurse,147
10,17-Jul-1990,21-Aug-2010,Occupational Therapist,182
11,06-Sep-2009,09-Oct-1990,Help Desk Operator,116
12,18-Jul-1991,08-Jul-1995,Software Engineer IV,170
13,20-Nov-2017,09-Mar-2000,Electrical Engineer,135
14,08-Dec-1995,19-Jun-2011,Internal Auditor,197
15,27-Sep-1993,02-Jun-1999,Design Engineer,104
16,08-Apr-2014,11-Jul-2000,Electrical Engineer,139
17,08-Mar-2001,18-Dec-2005,Financial Analyst,141
18,06-Aug-2012,28-Aug-1991,Occupational Therapist,146
19,27-Jul-2010,12-Nov-1995,VP Marketing,173
20,20-Nov-1997,21-Jun-2009,Electrical Engineer,152
21,28-Apr-2005,01-Nov-1990,Account Representative II,155
22,20-Mar-2010,30-Jan-1994,Business Systems Development Analyst,112
23,20-Dec-1990,23-Sep-2013,Dental Hygienist,168
24,14-Jan-2009,29-Nov-2009,Tax Accountant,144
25,28-Aug-2017,21-Oct-2011,Technical Writer,133
26,25-Apr-1994,21-Feb-2004,Product Engineer,113
27,08-Apr-1993,02-Feb-2010,Librarian,164
28,13-Jun-2014,22-Jun-1993,Help Desk Technician,163
29,16-Nov-2016,09-May-2016,Nurse Practicioner,148
30,25-Feb-2016,20-Nov-2017,Desktop Support Technician,187
31,06-Sep-2011,03-Apr-2001,Marketing Manager,149
32,18-Jun-2003,10-Sep-1997,Director of Sales,149
33,08-Feb-1998,25-Dec-1992,Operator,135
34,23-Sep-2004,02-Apr-1999,Junior Executive,117
35,18-Jun-1994,25-Jul-2005,Research Associate,195
36,14-Jun-2003,25-Apr-1993,VP Accounting,177
37,13-May-2001,08-Sep-1991,Cost Accountant,121
38,15-May-2006,05-Oct-2006,Nurse,102
39,21-Aug-1991,07-Oct-2001,Marketing Assistant,118
40,01-May-2011,10-Jun-1996,Human Resources Manager,108
41,31-May-2013,06-Jan-2009,Legal Assistant,189
42,07-Feb-2005,15-May-2000,VP Accounting,122
43,25-Aug-2017,28-May-2009,Quality Engineer,167
44,11-May-1996,11-Nov-1999,Desktop Support Technician,129
45,01-May-2011,13-Dec-2013,Senior Editor,151
46,22-Oct-2002,29-Dec-2014,GIS Technical Architect,133
47,25-Jun-2004,10-Feb-2017,Community Outreach Specialist,184
48,26-Apr-2015,13-May-2007,Payment Adjustment Coordinator,130
49,26-Apr-2016,31-Mar-2006,Biostatistician II,166
50,02-Sep-2010,14-Jan-1998,Cost Accountant,140
51,08-Jul-1990,18-Mar-2001,Accounting Assistant II,155
52,19-Mar-2006,19-Apr-1992,Recruiting Manager,107
53,09-Mar-2008,18-May-1993,Marketing Assistant,189
54,13-Aug-1998,17-Jun-1993,Senior Quality Engineer,105
55,26-Jan-2011,16-Aug-2016,Dental Hygienist,151
56,06-Mar-2006,14-Jan-2006,Assistant Professor,172
57,27-May-2012,03-Jul-2004,Cost Accountant,189
58,13-May-1991,14-Jul-2011,Senior Sales Associate,161
59,22-Jan-2015,27-Oct-2012,Programmer Analyst IV,181
60,03-Feb-2014,08-Apr-2013,Community Outreach Specialist,127
61,11-Nov-2011,17-Oct-1998,Editor,181
62,08-Oct-2009,08-Feb-2005,Graphic Designer,191
63,05-Dec-2003,01-Sep-2012,Technical Writer,130
64,24-Jan-1999,30-Jan-2005,Chemical Engineer,177
65,27-Jul-2009,01-Jul-1999,General Manager,185
66,08-Nov-2007,03-Jul-1995,Tax Accountant,176
67,15-Mar-1998,08-Jan-1990,Chemical Engineer,192
68,14-Oct-2015,05-Oct-2004,Nurse,165
69,10-Feb-1998,31-Jul-1993,Food Chemist,192
70,08-Apr-1991,25-Feb-2005,Chief Design Engineer,112
71,11-Jun-1998,05-Sep-2015,Librarian,180
72,09-May-2003,30-Mar-2005,Nurse Practicioner,177
73,22-Apr-2001,11-Aug-2009,Structural Engineer,160
74,25-Aug-2017,07-Jun-2016,Sales Associate,124
75,08-Mar-1992,29-Oct-1993,Product Engineer,197
76,03-Feb-2010,28-Nov-2006,Registered Nurse,186
77,24-Jan-1997,09-Dec-1997,Office Assistant II,156
78,04-May-2016,04-Jul-2010,Assistant Media Planner,136
79,15-May-2013,16-Nov-2007,Developer I,134
80,20-Aug-1998,20-Sep-2009,Statistician III,104
81,10-Apr-2007,20-Jul-1991,Senior Developer,152
82,20-Feb-1993,05-Feb-2005,Financial Analyst,195
83,24-Nov-2010,14-Sep-2009,Project Manager,186
84,30-Jul-2014,10-Dec-2014,Speech Pathologist,187
85,08-May-2008,03-Mar-1996,Food Chemist,141
86,18-Aug-2007,04-May-1992,Paralegal,171
87,20-Mar-1999,02-Jul-1990,Research Assistant I,128
88,25-Mar-2012,01-Jul-2003,Tax Accountant,121
89,15-Jan-2006,02-May-1999,Sales Associate,129
90,18-Sep-2014,03-Aug-2016,Chief Design Engineer,134
91,21-Sep-2013,18-Jul-2015,Systems Administrator III,193
92,09-Jul-2001,26-May-2003,Senior Developer,193
93,14-Apr-2008,27-Nov-2016,Safety Technician IV,156
94,25-Mar-1999,04-Sep-1999,Senior Quality Engineer,199
95,20-Dec-1993,29-Mar-2015,Staff Accountant II,100
96,27-Apr-2004,19-May-2002,Speech Pathologist,163
97,03-Feb-2008,27-Jul-1994,Staff Scientist,175
98,21-Feb-1999,08-Mar-2016,Registered Nurse,190
99,25-Jan-1992,03-Jun-1994,Nurse,116
100,30-Jul-2006,07-Jul-2011,Pharmacist,141
101,30-Mar-1992,06-May-2000,VP Accounting,165
102,22-Oct-1991,26-Apr-1999,Desktop Support Technician,137
103,17-Nov-1994,28-Nov-1993,Registered Nurse,130
104,26-Jun-2009,01-Aug-1994,Environmental Specialist,124
105,22-Mar-2014,18-Aug-2000,Senior Editor,175
106,09-Sep-1999,14-Sep-2017,Quality Engineer,180
107,06-Oct-1999,30-Sep-2006,Nurse,177
108,15-Nov-2011,12-Apr-1993,Operator,195
109,11-Apr-1999,13-Mar-1993,Senior Cost Accountant,123
110,23-Oct-2014,11-Nov-2006,Web Developer II,158
111,03-Apr-1990,24-Nov-2009,Marketing Manager,131
112,19-Oct-2017,28-Jul-2003,Clinical Specialist,103
113,27-Jan-1997,26-Jun-2012,Safety Technician III,165
114,05-Dec-1991,29-Jun-1997,Geological Engineer,148
115,19-Sep-2010,01-Mar-2008,Help Desk Technician,102
116,15-Jul-2009,26-Mar-2001,Programmer IV,139
117,16-Dec-2013,27-Aug-2008,Media Manager IV,123
118,19-Jan-1994,18-May-2006,Technical Writer,199
119,24-Nov-1990,03-May-2017,Director of Sales,159
120,13-May-1998,21-Jun-2014,Food Chemist,176
121,12-May-2003,22-Sep-2001,Nuclear Power Engineer,134
122,13-Oct-2008,17-Dec-1993,Registered Nurse,156
123,08-Aug-2010,13-May-2001,VP Marketing,135
124,27-Jun-2014,02-Jan-2018,Account Executive,188
125,25-Sep-2008,30-Sep-2005,Social Worker,179
126,29-Jul-2000,18-Aug-2006,Office Assistant I,149
127,23-Mar-1995,11-Jun-2017,Quality Engineer,150
128,13-Jan-1994,27-May-2009,Administrative Officer,137
129,26-Aug-1997,05-Jun-2007,Sales Associate,135
130,19-Mar-2015,14-Jun-1990,Accounting Assistant II,125
131,19-Jun-2001,01-Jan-2001,Accounting Assistant IV,199
132,01-May-2000,02-Aug-1997,Research Assistant IV,116
133,12-Jul-1992,20-Jun-1994,Accountant II,157
134,09-Jun-2010,28-Aug-1993,Desktop Support Technician,102
135,01-Feb-2004,04-Jan-2006,Administrative Officer,118
136,07-Apr-1999,27-Mar-2009,Assistant Professor,195
137,17-Jun-1995,02-Mar-1991,Quality Control Specialist,199
138,19-Nov-1997,14-May-2002,Environmental Tech,198
139,10-Sep-2010,25-Apr-1999,Software Consultant,145
140,21-Oct-2013,21-Nov-2013,Nurse Practicioner,172
141,12-Apr-2012,29-Apr-2009,Quality Engineer,103
142,21-Nov-2014,21-Jan-1995,Help Desk Operator,103
143,14-May-2017,09-Jun-2015,Actuary,133
144,19-Sep-2008,09-Jul-2012,Junior Executive,181
145,31-Aug-2010,18-Oct-2001,Administrative Assistant III,196
146,19-Nov-1999,04-Jun-2009,Analog Circuit Design manager,182
147,18-Jan-1992,08-Jan-2001,Accountant I,109
148,13-Apr-2011,07-May-1999,Systems Administrator II,199
149,13-May-2015,09-Aug-2001,Quality Engineer,122
150,15-Nov-1996,05-Jul-2014,Sales Associate,166
151,19-Oct-2007,04-Feb-2014,Health Coach IV,166
152,28-Mar-2006,11-Jul-2008,Geologist IV,199
153,10-Oct-2015,16-May-1995,Nurse Practicioner,155
154,08-Oct-2003,17-Feb-2005,Project Manager,129
155,02-Jun-1990,10-Sep-1996,VP Accounting,103
156,08-May-1996,17-Dec-2016,Junior Executive,192
157,21-Jul-2005,30-Jun-2006,Assistant Manager,134
158,28-Dec-1997,31-May-1990,Legal Assistant,114
159,23-May-1997,21-Dec-2009,Speech Pathologist,116
160,17-Nov-2017,20-Nov-2016,General Manager,157
161,30-Apr-2000,10-Dec-2016,Legal Assistant,166
162,20-Feb-1997,09-Dec-1992,Civil Engineer,187
163,20-Mar-2000,19-Jul-1993,Safety Technician IV,185
164,28-Jun-1996,28-Jan-1994,Product Engineer,104
165,09-Apr-1994,23-Aug-2011,VP Product Management,100
166,24-Jan-2000,22-Jul-1999,Recruiter,162
167,06-Dec-2001,27-Dec-1993,Librarian,112
168,06-Jun-2013,23-Jun-2004,Media Manager I,115
169,24-Sep-1998,08-Sep-2007,Environmental Specialist,147
170,12-Dec-1997,15-Oct-1992,Paralegal,118
171,27-Jun-1993,20-Nov-1990,Design Engineer,109
172,10-Jan-2017,07-Dec-1999,Research Nurse,113
173,04-Sep-2008,07-Apr-2010,Registered Nurse,193
174,06-Nov-1998,10-Dec-2009,Recruiter,179
175,15-Dec-1990,05-Jul-2000,Accountant I,182
176,22-Jul-1992,28-Aug-1992,Accounting Assistant II,124
177,05-Jan-2016,10-Apr-2014,Database Administrator I,158
178,14-Oct-1998,15-Dec-2016,Human Resources Manager,118
179,14-Jun-1998,08-Jun-2013,Information Systems Manager,112
180,13-Dec-2014,23-Mar-2012,Occupational Therapist,114
181,01-Nov-2013,09-Oct-2017,Statistician I,183
182,31-Jan-2012,24-Jun-2014,Environmental Tech,168
183,19-Jan-2014,08-Jun-2013,Engineer IV,153
184,13-Apr-2006,01-Dec-2011,Director of Sales,174
185,25-Jul-1994,27-May-1993,Computer Systems Analyst I,186
186,26-Sep-2002,17-Dec-2001,Environmental Specialist,129
187,07-Aug-1991,28-Jun-2011,Physical Therapy Assistant,163
188,28-May-2015,26-Jul-2015,Design Engineer,134
189,12-Jul-1998,23-Oct-1991,Product Engineer,199
190,28-Jun-1992,02-Aug-1996,Web Designer III,162
191,31-Oct-2010,15-Jul-2009,Office Assistant II,131
192,27-Nov-2012,16-May-2009,Recruiting Manager,159
193,19-Apr-2000,05-Dec-2000,Computer Systems Analyst II,179
194,29-Jun-2016,15-Dec-1993,Product Engineer,121
195,05-Jan-1999,03-Feb-2000,Account Representative II,140
196,17-Sep-1994,07-Feb-2010,Structural Engineer,152
197,12-May-2007,02-Nov-2015,Accounting Assistant IV,145
198,12-Sep-2001,12-Sep-2013,Compensation Analyst,162
199,07-Oct-2006,20-May-2001,Senior Developer,118
200,31-May-1993,25-May-1995,General Manager,180
201,21-Aug-2015,19-Apr-1996,Senior Financial Analyst,125
202,14-Apr-1995,30-May-2011,Civil Engineer,127
203,12-Nov-1990,13-Nov-2008,Administrative Assistant IV,138
204,19-Dec-1993,20-Nov-2012,Analog Circuit Design manager,130
205,05-Jan-2014,03-Mar-1993,Business Systems Development Analyst,107
206,22-Aug-2009,14-Jul-1994,Engineer III,148
207,13-Apr-2002,02-Oct-1993,Research Assistant II,164
208,01-May-1995,22-Jun-2005,Research Assistant I,134
209,31-Mar-2005,07-Oct-2012,Registered Nurse,135
210,16-Dec-2010,20-Feb-1994,Analog Circuit Design manager,163
211,15-May-2012,15-Jul-2000,Senior Quality Engineer,197
212,25-Dec-2017,10-Nov-2014,Cost Accountant,180
213,27-May-1991,08-Jul-1992,Software Test Engineer I,134
214,14-May-2010,14-Sep-2014,Assistant Manager,161
215,18-Jun-1994,02-Apr-1991,Assistant Media Planner,151
216,09-Oct-2010,14-Apr-2014,Social Worker,115
217,10-Jan-2009,13-May-1992,Assistant Manager,144
218,08-Sep-1991,02-Jun-1990,Community Outreach Specialist,151
219,12-Oct-2006,12-Sep-2017,Systems Administrator III,133
220,02-Nov-2006,30-Jan-1994,Pharmacist,162
221,07-Dec-2011,22-Feb-2015,Community Outreach Specialist,118
222,07-Feb-2014,25-Mar-2008,Physical Therapy Assistant,181
223,07-Apr-1994,31-Aug-2003,Tax Accountant,165
224,16-Aug-2015,19-Apr-2003,Administrative Assistant II,183
225,11-Mar-2003,05-Mar-2005,Clinical Specialist,116
226,16-Dec-2017,17-Sep-2007,Senior Financial Analyst,161
227,29-Oct-2005,17-Mar-2008,VP Quality Control,147
228,29-Sep-1992,01-Nov-1991,Business Systems Development Analyst,186
229,05-Nov-1998,18-Sep-1998,Assistant Manager,126
230,10-Sep-2000,19-Jun-2016,Tax Accountant,185
231,16-Jun-1993,05-May-2000,Assistant Professor,189
232,14-Apr-2012,20-Dec-2007,Civil Engineer,118
233,11-Oct-2005,25-Jan-2011,Social Worker,105
234,11-Aug-1993,17-Nov-1990,Cost Accountant,164
235,08-Oct-1992,06-May-1995,Analog Circuit Design manager,187
236,25-Jun-1995,27-Jan-1997,Physical Therapy Assistant,122
237,03-Mar-2017,08-Aug-2013,Analog Circuit Design manager,188
238,19-Sep-2002,10-Feb-2016,Editor,124
239,17-Oct-2005,07-Dec-1993,Safety Technician II,197
240,28-Jul-2007,03-Aug-1995,Clinical Specialist,175
241,06-Jul-2003,20-Jul-2001,Information Systems Manager,136
242,16-Jun-2014,05-Apr-2010,Geologist II,147
243,14-May-2010,27-May-1998,Director of Sales,120
244,24-Jan-2011,27-Feb-1992,VP Sales,195
245,11-Nov-2014,21-Jun-1991,Biostatistician II,190
246,17-Jun-2010,24-Sep-2012,Research Associate,182
247,18-Nov-2002,16-Jan-2009,Paralegal,104
248,08-Dec-2002,24-Sep-2005,Compensation Analyst,141
249,02-Nov-2009,13-Jan-2004,Civil Engineer,177
250,28-Aug-2005,31-Mar-1995,Director of Sales,110
251,28-Jul-1992,29-May-1999,Human Resources Manager,175
252,15-Oct-2015,20-Nov-2010,Recruiting Manager,172
253,12-Sep-2005,10-Jun-1993,Health Coach IV,103
254,14-Jul-2011,25-Oct-1996,Tax Accountant,166
255,06-Jul-2003,11-Jul-1993,Community Outreach Specialist,178
256,13-Dec-2014,01-Jul-2013,Actuary,167
257,05-Aug-1996,17-Sep-2001,Director of Sales,127
258,08-May-2014,08-May-2000,Biostatistician II,195
259,30-May-1998,26-Jul-2006,Geologist IV,156
260,13-Dec-1995,20-Apr-2005,Paralegal,158
261,31-Jan-2013,01-Apr-2001,General Manager,114
262,25-Feb-2006,28-Mar-2015,Clinical Specialist,156
263,15-Jul-2016,01-Aug-2017,Sales Associate,135
264,25-Jul-2010,09-Nov-2012,Senior Quality Engineer,176
265,07-Aug-2007,14-Aug-1994,Staff Scientist,145
266,03-Mar-2011,23-Jun-1993,Structural Analysis Engineer,143
267,08-Mar-2002,20-Jan-2007,Mechanical Systems Engineer,183
268,11-Jan-1996,14-Nov-1991,Data Coordiator,130
269,02-Jan-1997,19-Sep-1993,Clinical Specialist,140
270,09-Dec-2011,13-Jul-2011,Executive Secretary,152
271,02-Aug-2010,23-Dec-2010,Clinical Specialist,139
272,21-Jan-2003,28-Aug-2007,Budget/Accounting Analyst I,142
273,07-Dec-2006,12-Jul-2001,Social Worker,188
274,03-Oct-2005,08-Jan-2005,Administrative Officer,184
275,14-Oct-2011,30-Sep-2010,Administrative Assistant IV,114
276,21-Sep-1994,11-Nov-2010,Food Chemist,131
277,01-May-2013,18-Nov-2002,Quality Control Specialist,188
278,18-Nov-1996,05-Mar-1991,Desktop Support Technician,130
279,07-Dec-2014,18-Mar-2008,Research Nurse,166
280,24-Dec-2014,02-Dec-1997,Marketing Manager,136
281,23-Nov-1997,02-Mar-2007,Software Test Engineer IV,174
282,29-Mar-1996,08-Dec-2006,Structural Analysis Engineer,186
283,03-Nov-2017,26-Dec-2001,Accounting Assistant I,120
284,10-Nov-1998,19-Dec-1997,Electrical Engineer,110
285,06-Sep-1993,23-Nov-2017,Dental Hygienist,100
286,23-Oct-2017,28-Feb-1999,Quality Engineer,149
287,11-Mar-2005,11-Sep-2009,Office Assistant II,116
288,11-Jun-2017,04-Jan-1998,Assistant Professor,149
289,07-Sep-2003,05-Sep-1990,Mechanical Systems Engineer,122
290,04-May-2014,06-Dec-1998,Budget/Accounting Analyst I,118
291,26-May-2006,27-May-2015,Quality Control Specialist,108
292,17-Nov-2002,03-Oct-1998,Structural Engineer,140
293,30-Oct-1998,24-Mar-1995,Engineer I,146
294,18-Jun-1997,06-May-2015,Quality Control Specialist,137
295,24-Oct-2002,06-Oct-2002,Director of Sales,173
296,22-Oct-2003,24-Oct-2002,Human Resources Assistant II,101
297,11-Jun-1990,21-Apr-1990,Engineer I,105
298,22-Oct-2005,17-Jul-2004,VP Accounting,129
299,28-May-1997,15-May-2003,Nurse,167
300,18-Feb-2012,27-Apr-2003,Recruiter,102
301,30-Jan-2011,20-Feb-2014,VP Marketing,117
302,26-Sep-2007,16-May-2017,Marketing Manager,168
303,15-Feb-1993,22-May-2004,Actuary,117
304,31-Jan-2000,21-Jul-2010,Software Test Engineer III,193
305,29-Dec-2010,30-May-2017,Staff Accountant II,115
306,28-Oct-1997,16-Aug-1997,Administrative Assistant IV,186
307,02-Oct-2013,09-Jun-2016,Analog Circuit Design manager,145
308,05-Apr-2008,12-Jul-2013,Marketing Manager,170
309,29-Sep-1993,25-Aug-1990,Community Outreach Specialist,160
310,25-May-2013,03-Oct-2009,Payment Adjustment Coordinator,159
311,09-Feb-2004,01-Jan-2001,Nurse Practicioner,178
312,24-Apr-1999,17-Sep-2015,Legal Assistant,168
313,20-Jun-1994,21-Dec-2005,Senior Quality Engineer,127
314,28-Apr-2004,12-Apr-2011,Health Coach II,120
315,20-Sep-2004,16-Jul-2006,Media Manager IV,116
316,20-Feb-2000,10-Jun-2001,Help Desk Operator,154
317,18-May-2005,05-May-1996,Quality Control Specialist,165
318,28-Dec-2012,24-Mar-2014,VP Product Management,113
319,01-Jun-2000,21-May-1991,Web Designer IV,177
320,18-Dec-1993,22-Nov-2016,Assistant Professor,106
321,15-Jul-2015,23-May-2001,Health Coach II,128
322,07-Oct-1992,19-Mar-2012,Speech Pathologist,117
323,13-Apr-2008,03-Apr-2008,Financial Advisor,123
324,01-Aug-2003,08-Apr-2007,Senior Developer,140
325,14-Nov-2011,14-Jan-1990,Design Engineer,118
326,01-Nov-2000,21-Dec-2011,Software Engineer II,195
327,04-Oct-1992,30-Aug-2015,Marketing Assistant,193
328,06-May-1995,28-Apr-1990,Geological Engineer,183
329,06-Jul-1995,15-Jan-1999,Marketing Assistant,139
330,11-Sep-2005,04-Dec-1991,Chief Design Engineer,154
331,14-Dec-2017,01-Aug-2009,Associate Professor,150
332,24-Dec-1990,05-Jan-1996,Account Representative III,147
333,12-Jul-1994,27-Jul-1991,Geological Engineer,197
334,26-Dec-2007,30-Apr-1993,Database Administrator IV,178
335,03-Dec-2003,27-Mar-2000,Programmer IV,187
336,06-Aug-2011,25-Feb-2005,Accountant II,136
337,19-Apr-1994,24-Nov-1990,Analog Circuit Design manager,188
338,12-May-1995,04-Oct-2000,Occupational Therapist,199
339,12-Jan-1998,25-Dec-1997,Electrical Engineer,200
340,14-Jul-1992,23-Dec-1991,Mechanical Systems Engineer,143
341,22-Oct-1996,02-Dec-2004,Recruiting Manager,122
342,11-May-1991,07-Jun-1992,Statistician II,174
343,18-Dec-2000,23-Dec-2015,Teacher,106
344,01-Mar-2007,29-Mar-2015,Sales Representative,193
345,09-Apr-1996,16-Aug-2010,Food Chemist,114
346,05-Jun-2001,01-Jun-1994,Quality Engineer,199
347,22-Sep-1999,16-Apr-2010,Marketing Manager,110
348,03-Dec-1995,15-Jan-2006,Assistant Media Planner,113
349,02-Mar-2011,12-Sep-2001,Electrical Engineer,194
350,24-Jun-2000,07-Dec-2015,Statistician III,174
351,05-Jun-2004,20-Feb-1994,Developer IV,181
352,19-Jul-1992,15-Jul-2004,General Manager,154
353,01-Nov-2017,06-Jul-1992,Computer Systems Analyst I,183
354,27-Nov-2009,04-Dec-1992,Environmental Tech,112
355,22-Dec-1999,09-Aug-2016,Food Chemist,138
356,26-May-2010,08-Sep-1999,Sales Representative,129
357,17-May-2010,13-Mar-1995,Systems Administrator II,132
358,28-Sep-2003,28-Dec-2006,Desktop Support Technician,160
359,25-Jul-2008,24-Mar-1991,Design Engineer,159
360,22-Jul-1992,26-Dec-1995,Staff Accountant I,193
361,04-Apr-2008,10-Aug-2010,Physical Therapy Assistant,169
362,16-Dec-2010,13-Dec-1992,Structural Analysis Engineer,198
363,21-Feb-2002,11-Apr-2008,Research Nurse,120
364,04-May-2002,17-Jan-1995,Information Systems Manager,119
365,22-Mar-2013,21-Apr-2006,Tax Accountant,137
366,06-Jul-1990,16-Dec-2003,Research Assistant III,127
367,22-Mar-1990,02-Dec-2016,Tax Accountant,168
368,09-Aug-1992,26-Sep-2007,Financial Analyst,177
369,29-Dec-2017,10-Sep-1990,Computer Systems Analyst I,101
370,11-Feb-2012,11-May-2015,Business Systems Development Analyst,127
371,20-Aug-2012,25-Nov-2010,Media Manager I,116
372,27-Sep-2011,10-Apr-2001,Associate Professor,142
373,08-Feb-1994,04-Aug-2017,Sales Associate,145
374,29-Jan-1992,14-Nov-1999,Help Desk Technician,160
375,11-Aug-1999,02-Sep-1997,VP Sales,125
376,30-Jan-2003,21-Aug-2003,Senior Developer,156
377,06-Sep-1995,20-Nov-1990,Information Systems Manager,177
378,19-Jun-2014,07-Jan-2003,Legal Assistant,151
379,11-May-2015,24-Sep-2004,Cost Accountant,136
380,07-Sep-2013,01-Jul-1997,Marketing Assistant,134
381,23-Dec-1992,26-Jun-2007,Developer IV,159
382,01-May-2001,09-Jan-1990,Help Desk Operator,183
383,07-Feb-2012,27-Sep-2009,Director of Sales,145
384,20-Nov-2003,31-Jul-2010,Administrative Assistant III,191
385,03-Jul-1994,21-Apr-2003,Recruiter,173
386,02-Oct-2001,22-Jun-2014,Clinical Specialist,199
387,23-Jul-2000,19-Jun-1994,Financial Advisor,143
388,30-Jun-2007,28-Jun-2014,Payment Adjustment Coordinator,132
389,22-Jan-1999,01-Jul-2015,Web Designer III,129
390,03-Dec-1995,07-May-1990,Internal Auditor,103
391,23-Oct-1997,05-Nov-2009,Business Systems Development Analyst,163
392,30-Aug-1999,02-Jul-2000,Web Developer I,164
393,20-Jul-1996,08-Sep-1991,Assistant Professor,181
394,14-Jun-2008,25-Sep-2002,Geological Engineer,138
395,03-May-1992,22-Jul-2005,Paralegal,167
396,17-Apr-2014,14-Aug-2014,Payment Adjustment Coordinator,168
397,31-Mar-2007,09-Feb-2007,Senior Developer,145
398,20-Jul-1998,12-Dec-2014,Research Nurse,198
399,19-Oct-2012,29-Jun-2012,GIS Technical Architect,182
400,22-Jun-1999,11-Dec-2000,Web Developer IV,174
401,27-Aug-2007,04-May-2009,VP Marketing,156
402,10-Aug-2012,22-Aug-1992,Legal Assistant,115
403,02-Feb-2011,11-Mar-2015,Chemical Engineer,105
404,29-Jun-2003,17-Apr-2013,Recruiter,111
405,20-Jul-2014,06-Apr-1990,Business Systems Development Analyst,183
406,10-Nov-2012,22-Sep-1999,Help Desk Technician,150
407,29-Aug-2005,27-Feb-2010,Teacher,176
408,03-Sep-2005,20-Jul-2001,Graphic Designer,155
409,30-Jun-2002,07-Mar-1996,VP Sales,106
410,18-Sep-1996,29-May-2006,Teacher,126
411,09-May-1996,15-Feb-2004,Automation Specialist II,166
412,09-Jul-1999,12-Nov-2014,Analog Circuit Design manager,156
413,29-Dec-2011,20-Oct-2001,Assistant Professor,134
414,29-Nov-2006,07-Aug-2001,Mechanical Systems Engineer,106
415,29-Jan-1992,11-Oct-1990,Recruiting Manager,127
416,13-Jun-2010,02-Sep-2007,Data Coordiator,200
417,19-Feb-2012,23-Dec-2006,Structural Engineer,173
418,15-Apr-2013,21-May-2000,Environmental Tech,162
419,30-Nov-2007,11-Mar-1995,Geological Engineer,109
420,17-Apr-2008,19-Sep-2007,Legal Assistant,146
421,17-Jul-2012,16-Jun-1999,Social Worker,165
422,05-Feb-2007,07-Dec-2011,Account Representative II,168
423,03-Nov-2004,17-Feb-2013,Statistician IV,105
424,23-Sep-1998,07-May-2006,Human Resources Manager,102
425,15-Jan-1999,11-Sep-1997,Director of Sales,102
426,06-Apr-2008,26-May-2016,Desktop Support Technician,130
427,07-Aug-1997,03-Jun-2016,Professor,129
428,03-Mar-2004,17-Mar-2011,Design Engineer,171
429,16-May-2012,27-Oct-2001,Registered Nurse,167
430,16-Mar-1995,10-Aug-1993,Quality Control Specialist,130
431,10-Jun-2015,08-Apr-1999,Physical Therapy Assistant,182
432,25-Aug-2010,12-Feb-2003,Administrative Officer,188
433,28-Jan-2000,16-Oct-2008,Paralegal,154
434,19-Dec-1999,12-Oct-1992,VP Sales,105
435,21-Aug-1995,18-Oct-2008,General Manager,164
436,18-Apr-2015,22-Dec-2008,Payment Adjustment Coordinator,175
437,12-Mar-1993,21-Oct-2010,Actuary,142
438,19-Jul-1991,04-Jun-2003,Food Chemist,166
439,26-Oct-2009,13-Jan-1996,Chief Design Engineer,165
440,03-May-1991,26-Sep-2001,Payment Adjustment Coordinator,161
441,17-May-2016,03-Jul-2006,Help Desk Technician,182
442,31-Aug-2004,20-Sep-2003,Help Desk Operator,148
443,01-Jul-2004,16-Feb-2006,Internal Auditor,140
444,05-Jun-2008,10-Mar-2005,VP Marketing,174
445,27-Apr-1996,02-Oct-1996,VP Accounting,118
446,24-Dec-2012,21-Jan-2006,Internal Auditor,149
447,08-Jan-2012,19-Dec-2001,Assistant Professor,156
448,13-May-2005,21-Oct-2001,VP Sales,163
449,01-Nov-1997,29-Jun-2006,Nurse Practicioner,127
450,02-Oct-2011,03-Feb-2012,Technical Writer,107
451,20-Feb-1999,28-Aug-2008,Structural Analysis Engineer,154
452,05-Feb-2000,19-Jun-2012,Food Chemist,163
453,01-Jan-2002,07-Apr-2002,Budget/Accounting Analyst I,172
454,27-Sep-1990,06-Apr-2017,Operator,200
455,27-Aug-2006,26-Apr-2006,Tax Accountant,107
456,25-Jan-2008,08-May-2007,Social Worker,192
457,26-Jul-1993,19-Mar-2008,VP Accounting,173
458,07-Jan-1999,24-Jul-1990,Administrative Assistant III,186
459,05-Jun-1995,13-Jan-2005,Clinical Specialist,173
460,06-Jun-2008,15-Aug-2000,VP Accounting,180
461,24-Jun-2000,19-Feb-1998,Account Executive,169
462,28-Jan-2006,27-Nov-2006,Electrical Engineer,177
463,21-Oct-1993,28-Jan-1997,Actuary,118
464,08-May-1996,19-Dec-2007,GIS Technical Architect,188
465,07-Jan-2009,24-Feb-2000,Editor,169
466,14-Jan-2000,29-Dec-1994,Recruiter,185
467,08-Mar-2012,13-Mar-2014,Accounting Assistant II,195
468,24-Apr-2009,21-May-2014,Senior Financial Analyst,174
469,17-Mar-1994,19-Mar-1997,Environmental Tech,185
470,08-Nov-2011,14-Nov-2014,Staff Scientist,166
471,09-Apr-1997,05-Jul-1997,Automation Specialist II,180
472,04-Feb-2005,29-May-2017,Systems Administrator II,107
473,21-Nov-1999,30-Aug-2004,Desktop Support Technician,146
474,18-Jul-2003,09-Apr-2004,Staff Scientist,147
475,15-Feb-1992,26-Jul-1991,Physical Therapy Assistant,177
476,05-Dec-2001,07-Aug-1997,Help Desk Technician,199
477,14-Apr-2007,22-Jul-2000,Nurse,170
478,12-Nov-1990,16-Mar-2008,Budget/Accounting Analyst III,170
479,20-Nov-2000,26-Apr-2011,Nurse,196
480,10-Aug-2010,04-Jun-2000,Web Developer III,125
481,01-Mar-1997,07-Jul-1997,Graphic Designer,184
482,17-Feb-2004,29-Dec-2013,Computer Systems Analyst I,183
483,09-Jun-2011,27-Feb-1995,Internal Auditor,119
484,14-Nov-2004,16-Jul-2014,Graphic Designer,107
485,24-Jul-2009,23-Nov-1991,Director of Sales,101
486,08-Aug-1992,02-Oct-2006,Chief Design Engineer,200
487,08-Mar-1991,07-Jul-2008,Operator,108
488,28-Jul-2009,10-Nov-2014,Office Assistant IV,112
489,06-Apr-2001,26-Oct-1993,Marketing Assistant,189
490,17-Jun-2005,08-Feb-1996,Nuclear Power Engineer,195
491,01-Dec-2007,29-Oct-2015,Engineer II,153
492,30-Jul-2002,05-Sep-2014,Engineer III,185
493,20-Jan-2003,10-Feb-2007,Dental Hygienist,141
494,28-Jul-2014,10-Aug-2008,Software Consultant,185
495,11-Aug-2016,29-Mar-2012,Structural Analysis Engineer,199
496,03-Sep-2015,19-Apr-2006,Senior Developer,136
497,20-Apr-2009,24-Dec-1993,General Manager,115
498,26-Apr-2003,16-Dec-1994,Recruiter,119
499,19-Nov-2009,28-May-2011,Editor,154
500,18-Jul-1991,28-Oct-2014,Chemical Engineer,108
501,28-Mar-1999,21-Jun-1994,Statistician IV,140
502,07-Oct-1996,27-Sep-1993,Human Resources Assistant III,177
503,12-Apr-1991,25-Mar-1999,Dental Hygienist,141
504,24-Jan-2007,22-Aug-2002,Chief Design Engineer,131
505,17-Feb-2009,07-Jul-2010,Recruiter,113
506,01-Dec-1993,22-Oct-2002,Payment Adjustment Coordinator,108
507,01-Feb-1991,27-Jul-2001,Editor,114
508,23-Oct-2002,25-Feb-2011,Executive Secretary,181
509,01-May-2016,07-Dec-2017,Senior Cost Accountant,173
510,08-Aug-1998,11-Apr-2014,Human Resources Manager,126
511,13-Jun-2016,07-Jul-2004,Accounting Assistant II,123
512,07-May-1999,14-Oct-2010,Staff Scientist,161
513,24-Jan-2016,22-Apr-2000,Biostatistician III,161
514,01-Jun-2001,22-Jan-2017,Senior Editor,108
515,25-Feb-2006,02-Nov-2017,GIS Technical Architect,153
516,23-Jun-1992,04-Jun-2012,Structural Analysis Engineer,113
517,01-Feb-2010,15-Dec-1999,Biostatistician II,116
518,20-Mar-1997,07-Dec-2006,Electrical Engineer,165
519,25-Jan-1997,02-Jan-1995,Product Engineer,165
520,22-Feb-1995,04-Mar-1997,Associate Professor,149
521,01-Oct-1995,29-Aug-1998,Dental Hygienist,165
522,15-Dec-1993,28-May-2016,Civil Engineer,143
523,22-Jan-2010,07-Dec-2000,Associate Professor,179
524,04-Jan-2013,01-Apr-2013,Developer II,170
525,13-Apr-1994,10-Mar-2000,Junior Executive,177
526,26-Jul-2009,12-Sep-2017,Analog Circuit Design manager,179
527,14-Dec-2003,17-Feb-2015,Structural Analysis Engineer,182
528,02-Nov-2014,21-Oct-1997,Systems Administrator II,127
529,07-Jun-1998,03-Feb-2015,Graphic Designer,193
530,05-Jul-2005,06-Nov-2010,Internal Auditor,144
531,12-Oct-1993,04-Oct-2017,Financial Advisor,116
532,11-Dec-2014,21-Jan-1993,Structural Engineer,164
533,12-Feb-2005,19-Sep-2016,Marketing Manager,194
534,15-May-2000,28-Jul-1997,Account Representative IV,172
535,03-Jun-2014,01-Aug-2008,Research Assistant II,102
536,01-Dec-2016,14-May-2014,Structural Analysis Engineer,187
537,01-Mar-2016,19-Mar-2004,Project Manager,102
538,01-Sep-1993,08-Dec-2003,Director of Sales,159
539,25-Jun-2009,09-Nov-2000,Software Test Engineer I,139
540,31-May-1994,04-Sep-1993,Design Engineer,192
541,16-Sep-2015,10-May-2001,Editor,190
542,01-Aug-2012,09-May-1993,Information Systems Manager,107
543,20-May-1994,19-Dec-1992,Quality Engineer,199
544,14-Mar-2008,20-Sep-2006,VP Product Management,133
545,04-Apr-2014,08-Nov-2004,Software Consultant,152
546,09-Jun-1997,21-Nov-1994,Quality Control Specialist,166
547,17-Jan-2001,13-Aug-2011,Staff Accountant IV,113
548,21-Jun-1996,11-May-2002,Chemical Engineer,137
549,15-Jun-2012,23-Feb-2017,Project Manager,169
550,31-Dec-2011,04-Jun-1998,Marketing Assistant,143
551,24-Mar-1994,18-Dec-1990,GIS Technical Architect,169
552,14-Aug-1996,29-Nov-2014,Clinical Specialist,156
553,05-Oct-2012,28-Nov-2014,VP Marketing,190
554,09-Aug-2001,12-Feb-2007,Payment Adjustment Coordinator,103
555,11-Feb-2008,17-Feb-1999,Administrative Assistant I,103
556,25-Feb-2016,25-Feb-2017,Programmer II,154
557,23-Jan-2000,22-Jan-2016,Database Administrator II,143
558,07-Oct-2011,13-Apr-1994,Web Designer III,105
559,20-Jul-2010,30-May-2008,Assistant Professor,165
560,04-Dec-2010,05-Jan-1994,Assistant Media Planner,103
561,26-Jan-1998,14-Aug-1996,Information Systems Manager,133
562,27-Sep-1991,09-Sep-2003,Programmer III,155
563,25-Sep-1993,17-Oct-1996,Biostatistician II,126
564,06-Feb-1996,15-May-2008,Dental Hygienist,170
565,03-Nov-1994,05-Aug-2001,Media Manager I,136
566,07-Jan-2007,28-Mar-2000,Accountant III,154
567,17-Oct-1992,31-Dec-1990,Administrative Assistant II,127
568,11-Sep-1997,27-Mar-1996,Computer Systems Analyst II,161
569,28-Jul-2016,25-Aug-2010,VP Product Management,147
570,19-Oct-1993,23-Apr-2016,Analyst Programmer,146
571,09-Apr-2005,03-Apr-2011,Web Developer III,108
572,01-Dec-2007,26-Nov-2003,Nuclear Power Engineer,161
573,02-Apr-2000,11-Aug-1997,Quality Control Specialist,164
574,15-Nov-2004,24-Feb-1990,Human Resources Assistant II,184
575,03-Feb-1998,27-Jul-1996,Speech Pathologist,192
576,30-Dec-1998,03-Jan-1994,Information Systems Manager,172
577,08-Jan-2009,06-May-2002,Environmental Tech,157
578,03-Dec-1995,25-Sep-1998,Clinical Specialist,153
579,05-Sep-1997,09-Oct-1991,Physical Therapy Assistant,120
580,16-Jun-2005,16-Aug-1994,Project Manager,118
581,01-Dec-1996,02-Dec-2009,Account Representative II,136
582,24-Mar-2013,21-Mar-1996,Food Chemist,180
583,09-Jun-2008,10-Nov-1991,Account Coordinator,111
584,20-Feb-2017,02-Mar-2008,Librarian,106
585,16-Dec-1994,25-Apr-2002,Professor,136
586,23-Aug-1997,25-Jan-1999,Nurse,181
587,12-Mar-2017,03-Jan-2018,Executive Secretary,134
588,20-May-2014,01-Feb-1992,Registered Nurse,108
589,06-Oct-2000,30-Sep-2001,Environmental Tech,180
590,31-Oct-2007,23-Jun-2014,Safety Technician IV,175
591,16-Oct-2015,18-Sep-2011,Product Engineer,188
592,28-Aug-2004,21-Jul-2017,Research Associate,196
593,20-Dec-1994,09-Feb-1993,Programmer I,182
594,12-Jul-1995,08-Jun-2003,Food Chemist,160
595,04-Mar-2010,10-Jun-2016,Computer Systems Analyst IV,132
596,27-Mar-2014,15-Jan-2013,Registered Nurse,164
597,01-Aug-2007,31-Aug-2002,Speech Pathologist,111
598,11-Jan-2011,08-Oct-1991,Internal Auditor,144
599,04-Jul-1997,20-Jul-2015,Programmer Analyst II,169
600,05-Apr-2001,16-Jul-2003,Assistant Professor,138
601,18-May-2015,23-Jun-1999,Safety Technician IV,147
602,11-Jul-1999,15-Jan-2008,Geologist I,186
603,19-Jul-1997,22-Sep-1995,Software Engineer III,128
604,11-Mar-2009,02-Nov-2014,Chief Design Engineer,179
605,01-Sep-1990,26-Apr-1996,GIS Technical Architect,181
606,07-Jun-2002,16-Jan-2015,Product Engineer,142
607,05-Nov-1990,02-Feb-1994,Cost Accountant,188
608,03-Jan-2018,19-Jan-1990,Human Resources Assistant II,144
609,24-Apr-2015,18-Oct-1994,Operator,142
610,15-Jan-1991,01-Aug-2001,Environmental Tech,112
611,26-Apr-2003,01-Apr-2005,Help Desk Technician,194
612,17-Jan-1996,08-Sep-2004,Computer Systems Analyst III,155
613,22-Feb-2001,10-May-2004,Media Manager IV,182
614,22-Jun-1992,29-Sep-1990,Payment Adjustment Coordinator,151
615,26-Jul-2014,06-Nov-2005,Actuary,197
616,10-Jun-1990,20-Jan-2016,Engineer II,191
617,07-Dec-1992,19-Mar-2002,Sales Representative,111
618,28-Jun-1998,17-Oct-2012,GIS Technical Architect,169
619,29-Jun-1992,21-Jan-2010,Research Associate,137
620,08-Jun-2002,28-Nov-1992,Help Desk Operator,172
621,01-Jan-1999,31-Jul-1996,VP Product Management,106
622,28-Jul-1997,20-Dec-1994,Quality Engineer,164
623,27-Oct-2003,29-Dec-2009,Business Systems Development Analyst,127
624,10-Jun-2013,12-Mar-2016,Quality Control Specialist,129
625,21-Sep-2002,27-Mar-1993,Web Designer II,181
626,29-Aug-2008,01-Aug-1995,Legal Assistant,174
627,03-Nov-2015,27-Dec-2000,Structural Analysis Engineer,121
628,30-May-1997,10-Jun-2002,Account Executive,156
629,25-Jan-1997,08-Feb-2004,Budget/Accounting Analyst I,113
630,30-Jul-1993,03-Mar-1997,Research Nurse,171
631,10-Mar-2006,06-Jul-1991,Developer I,140
632,06-Jan-2016,12-Dec-1995,Engineer I,153
633,13-Sep-2009,09-Oct-2013,Clinical Specialist,104
634,02-Jan-1997,29-May-2006,Quality Control Specialist,130
635,10-Dec-2009,07-Aug-2003,VP Quality Control,107
636,01-Dec-2015,25-Jun-2007,Recruiting Manager,192
637,23-Dec-1998,16-Jun-1998,Internal Auditor,187
638,18-May-2001,22-Mar-2006,Operator,121
639,07-Dec-2004,15-Nov-1999,Financial Advisor,111
640,10-Aug-2014,07-May-2015,Systems Administrator I,199
641,24-May-1998,12-Oct-2002,Statistician IV,193
642,13-Dec-2005,19-Mar-1991,Financial Advisor,168
643,19-Dec-2010,27-Jan-2001,Staff Scientist,127
644,22-Sep-2003,09-Jun-1998,Paralegal,188
645,10-Apr-2015,26-May-2005,GIS Technical Architect,156
646,11-Jul-2014,13-Sep-2017,Research Assistant II,152
647,20-Sep-1991,10-Apr-1995,Speech Pathologist,193
648,12-Mar-2008,14-Sep-1990,Paralegal,183
649,30-May-2015,09-Sep-1996,Librarian,113
650,05-Apr-2002,17-Nov-2010,Electrical Engineer,164
651,25-May-2010,23-Jun-1993,Financial Analyst,101
652,30-Dec-2015,05-May-2000,Graphic Designer,164
653,08-Jun-2006,25-Dec-2009,Junior Executive,162
654,21-May-2005,28-Jan-2017,Research Associate,134
655,12-Apr-1991,04-Apr-2017,Project Manager,162
656,12-Oct-2008,12-Sep-2007,Graphic Designer,158
657,25-Apr-1992,10-Sep-1997,Staff Scientist,194
658,10-Jan-1998,29-Jul-1991,Senior Financial Analyst,116
659,03-Nov-2008,29-Nov-1994,Administrative Officer,195
660,16-Sep-2009,03-Dec-2014,Automation Specialist I,193
661,15-Apr-1996,10-Jun-1997,VP Accounting,170
662,14-Nov-2001,29-Sep-1995,GIS Technical Architect,124
663,29-Jan-2016,12-Dec-2017,Recruiting Manager,183
664,17-Apr-1998,21-Jul-1994,Design Engineer,140
665,22-May-2000,29-Nov-1996,Sales Representative,105
666,01-Apr-2011,28-May-2004,Editor,135
667,30-Oct-2015,31-Aug-1995,Internal Auditor,165
668,25-Jun-2006,05-Mar-1992,Developer II,176
669,23-Jan-1993,03-Mar-2012,Project Manager,146
670,05-Dec-1996,14-Jun-2006,VP Marketing,187
671,02-Aug-2009,04-May-1998,Structural Analysis Engineer,172
672,12-Jul-2012,07-Sep-2007,Budget/Accounting Analyst II,195
673,03-May-2006,02-Sep-2015,Compensation Analyst,108
674,17-Sep-1997,13-Jan-1993,Senior Quality Engineer,112
675,04-Mar-2008,13-Jan-2016,Programmer Analyst IV,136
676,12-Mar-1992,16-Dec-2001,Nurse,194
677,31-Dec-2011,11-Oct-2010,Recruiter,115
678,30-Jul-2001,22-Jul-1993,Chief Design Engineer,149
679,31-Dec-1992,01-Apr-1996,Senior Cost Accountant,125
680,19-Feb-2011,24-Mar-2009,Assistant Media Planner,139
681,05-Feb-2006,21-Jun-1990,Analog Circuit Design manager,197
682,21-Jun-2012,30-Nov-2012,Account Coordinator,159
683,31-Oct-2006,16-Sep-2013,Librarian,100
684,22-Sep-2009,15-Mar-2016,Administrative Assistant IV,126
685,13-Oct-2012,28-Dec-1992,Graphic Designer,140
686,07-Apr-2001,12-May-1992,Administrative Officer,102
687,21-Apr-1993,17-Mar-2003,Computer Systems Analyst III,130
688,29-Aug-2017,20-Oct-1990,Research Assistant IV,119
689,19-Sep-2007,16-Jun-2005,Senior Financial Analyst,121
690,12-Feb-1993,04-May-1996,Pharmacist,188
691,23-Sep-1992,30-Nov-2013,Information Systems Manager,155
692,18-Nov-1996,09-Nov-2005,GIS Technical Architect,192
693,16-Feb-2012,17-Jun-1997,Senior Quality Engineer,151
694,28-May-2016,07-Dec-2017,Cost Accountant,183
695,29-Dec-2009,01-May-2008,Desktop Support Technician,199
696,30-Oct-2006,14-Jul-2005,Research Assistant III,100
697,02-Jan-2003,02-May-1991,Analog Circuit Design manager,151
698,01-Mar-2017,21-Nov-2008,Software Test Engineer I,185
699,01-Jul-2008,23-Mar-2012,Accountant I,197
700,25-Mar-2000,26-Apr-2014,Assistant Professor,175
701,25-May-2001,02-Aug-2008,Data Coordiator,200
702,19-Mar-2007,16-Nov-2005,Research Nurse,141
703,22-Sep-2001,30-Nov-2009,Nuclear Power Engineer,102
704,10-Dec-2003,11-Feb-2004,Accounting Assistant I,154
705,22-Oct-2003,13-May-2016,Cost Accountant,106
706,05-Nov-1992,22-Mar-1993,Software Test Engineer IV,178
707,25-Feb-2012,10-Feb-2001,Geological Engineer,122
708,10-Feb-2014,17-Jan-2012,Engineer II,165
709,05-May-2010,03-Sep-1996,Payment Adjustment Coordinator,103
710,06-Oct-2002,28-Jun-2004,Librarian,172
711,03-Feb-1998,09-Jun-2012,Tax Accountant,198
712,27-Nov-2013,02-Aug-1993,Quality Control Specialist,135
713,17-Apr-2010,18-Apr-2004,Business Systems Development Analyst,182
714,19-Dec-2017,24-Dec-2013,Geological Engineer,141
715,23-May-2001,05-Mar-2014,Senior Quality Engineer,200
716,06-Nov-2001,28-Mar-2005,Media Manager II,113
717,24-Feb-1996,01-Apr-2011,Product Engineer,168
718,20-May-1991,21-Feb-2004,GIS Technical Architect,178
719,24-Jun-2010,27-Nov-2003,Assistant Manager,125
720,21-Oct-2006,13-Aug-2010,Budget/Accounting Analyst III,137
721,07-Jan-1998,26-Oct-2010,Clinical Specialist,132
722,23-Nov-1995,22-Mar-2009,Cost Accountant,142
723,05-Jun-1999,18-Oct-1994,Programmer II,149
724,09-Jul-2009,16-Oct-2004,Statistician IV,121
725,23-Jul-1994,07-Mar-1999,Human Resources Manager,114
726,28-Oct-1997,22-Jan-1990,Design Engineer,155
727,19-Dec-1992,27-Oct-2010,Quality Engineer,148
728,26-May-2003,14-Jan-2014,Clinical Specialist,104
729,22-Mar-1997,14-Feb-2012,Junior Executive,136
730,14-Dec-2006,02-Aug-2007,Recruiter,195
731,17-May-2008,07-Jun-2006,Help Desk Operator,123
732,05-Mar-2010,25-Feb-2011,Human Resources Manager,187
733,29-Jun-2002,28-Jun-2012,Nuclear Power Engineer,194
734,01-Jun-2003,19-Aug-2003,Web Designer IV,129
735,05-Jun-1998,12-Oct-1998,Software Test Engineer IV,191
736,29-Jun-1996,28-Oct-2016,Account Coordinator,142
737,01-Mar-1996,12-Oct-1993,Senior Editor,171
738,25-Jul-1991,01-Oct-2008,Physical Therapy Assistant,192
739,02-Aug-2000,30-Nov-2001,Cost Accountant,132
740,24-Aug-2012,20-Feb-1992,Data Coordiator,121
741,01-Jun-1997,05-Jul-1990,Environmental Tech,123
742,03-Mar-1998,12-Feb-1999,Senior Quality Engineer,159
743,16-Sep-2006,10-Nov-2007,Account Coordinator,162
744,04-Jun-2012,13-Dec-1992,Web Designer III,148
745,16-Oct-2001,02-Aug-2003,Software Consultant,143
746,27-Jun-2003,03-Dec-1994,Statistician II,142
747,15-Jul-2001,16-May-2012,Software Engineer II,185
748,31-Jan-2012,27-Sep-2005,Structural Engineer,187
749,09-Nov-2013,19-Feb-2005,Graphic Designer,128
750,07-Oct-1996,11-Jul-1995,Senior Quality Engineer,103
751,03-Mar-2012,26-May-1995,Recruiting Manager,171
752,09-May-2002,01-Nov-1999,Account Coordinator,112
753,25-Oct-2003,07-Sep-2016,Data Coordiator,198
754,07-Jul-1990,14-Sep-1990,Account Representative III,125
755,11-Jul-2011,09-Jan-2007,Occupational Therapist,170
756,13-Jun-1992,01-Jan-2017,Internal Auditor,162
757,22-May-2006,22-Apr-2013,Electrical Engineer,115
758,13-Feb-2009,05-Dec-2002,Quality Control Specialist,185
759,19-May-2008,05-Nov-2009,Electrical Engineer,177
760,07-Dec-1992,23-Apr-2011,Recruiter,141
761,08-Sep-2008,02-Mar-1994,Chemical Engineer,106
762,27-Feb-2007,15-Jan-1997,Recruiting Manager,104
763,18-Apr-1996,06-Sep-2015,VP Marketing,142
764,01-Dec-2002,24-Jan-2003,Quality Engineer,117
765,27-Jan-2014,12-Feb-2006,Cost Accountant,135
766,15-Mar-2013,16-Mar-1999,Sales Associate,118
767,25-Dec-2001,01-Jul-1990,Occupational Therapist,122
768,09-Jun-2010,14-Jun-1996,Executive Secretary,175
769,27-May-2015,16-Dec-1995,Financial Analyst,139
770,08-Nov-2007,22-Jul-1993,Administrative Assistant IV,124
771,23-Aug-2001,09-Jan-2001,Nurse,192
772,31-Aug-2009,05-Mar-1997,Professor,102
773,02-Feb-1997,09-Oct-2017,Safety Technician III,185
774,21-Jan-1992,26-Jun-2015,Mechanical Systems Engineer,159
775,08-Jan-1995,20-Dec-2001,Research Nurse,127
776,31-Jan-2009,11-Jul-2013,Senior Editor,197
777,13-May-2010,10-Jul-2011,Health Coach III,175
778,19-Dec-2008,16-Mar-1996,Programmer I,104
779,27-Aug-2000,06-Dec-2011,Chief Design Engineer,145
780,03-Jan-2009,01-Jan-2002,Professor,151
781,28-Jun-1990,15-Aug-2003,Senior Cost Accountant,161
782,14-Mar-2009,09-Oct-2005,Administrative Officer,196
783,19-Jun-1997,21-Dec-2005,Librarian,104
784,12-Feb-1994,24-Feb-1993,Automation Specialist I,191
785,26-Jan-2016,21-Apr-1991,Associate Professor,139
786,14-Jan-2009,19-Jan-1994,Teacher,138
787,10-Nov-2016,28-Apr-2011,Media Manager II,130
788,28-Jul-2008,24-Apr-1990,Nuclear Power Engineer,185
789,10-Aug-2007,25-Mar-2001,Database Administrator I,100
790,04-Feb-2006,20-Dec-2011,VP Sales,118
791,25-Jul-1997,21-Mar-2010,Software Consultant,164
792,25-May-2010,15-Feb-2016,Software Engineer IV,124
793,19-Sep-1993,11-May-2011,Accountant I,187
794,10-Nov-2011,31-Oct-2012,Food Chemist,187
795,08-May-2005,08-Sep-2004,Teacher,126
796,12-Oct-2000,02-Mar-2011,Sales Representative,133
797,12-Aug-2017,07-Sep-1991,Financial Advisor,190
798,07-Aug-1997,13-Nov-2017,Physical Therapy Assistant,150
799,28-Feb-1990,10-Aug-2017,Senior Developer,105
800,01-Oct-1992,24-Dec-2017,Automation Specialist III,190
801,22-Sep-2000,25-Aug-2012,Executive Secretary,110
802,20-Jun-2015,30-Mar-1998,Software Consultant,150
803,03-May-2010,08-Nov-2006,Social Worker,119
804,19-Jan-2007,20-Apr-2004,Data Coordiator,150
805,21-Apr-1992,13-May-2014,Compensation Analyst,131
806,05-Apr-1990,18-Feb-2014,Graphic Designer,117
807,23-Aug-1993,29-Dec-2004,Database Administrator III,151
808,21-Aug-2001,29-Nov-1993,Financial Analyst,101
809,28-May-2001,14-Oct-2016,Staff Scientist,125
810,05-Feb-2001,17-Sep-1991,Web Developer I,176
811,04-Jun-1992,25-Oct-1998,Software Engineer IV,150
812,25-Jan-2011,03-Jan-2004,VP Marketing,153
813,22-Dec-2012,10-Feb-2006,Statistician II,196
814,05-Jul-2014,29-May-1995,Database Administrator IV,140
815,06-Oct-1997,17-May-2015,Legal Assistant,179
816,18-Nov-2015,19-Aug-1997,Paralegal,135
817,20-Jan-2005,06-May-1992,Nurse,152
818,23-Mar-1990,22-Dec-2012,Pharmacist,103
819,28-Jun-2015,04-Oct-1994,GIS Technical Architect,156
820,29-Aug-1997,20-Apr-2013,Food Chemist,135
821,16-Oct-2008,30-Aug-2003,Senior Financial Analyst,160
822,29-Jul-2017,03-May-2008,VP Marketing,149
823,21-Mar-2011,19-Feb-2007,Safety Technician I,127
824,10-Oct-2005,02-Feb-2005,VP Marketing,139
825,11-Dec-1993,24-Jun-2002,Actuary,104
826,24-Jan-2002,29-Dec-2017,Help Desk Operator,105
827,09-Jan-2005,30-May-2013,Staff Scientist,186
828,18-Nov-2014,23-Jan-2017,Pharmacist,178
829,26-Oct-2006,29-Jan-2008,Assistant Media Planner,137
830,19-Sep-2011,05-Apr-2014,Marketing Manager,132
831,13-May-2014,11-Feb-2003,Senior Cost Accountant,160
832,24-Jul-2017,24-Feb-2001,Developer III,111
833,15-Oct-1997,17-Apr-2008,Office Assistant I,195
834,06-Jun-2001,19-Jul-1994,Electrical Engineer,114
835,08-Aug-1996,04-Nov-1998,Accounting Assistant II,121
836,08-Feb-2004,06-Oct-1995,Senior Quality Engineer,188
837,28-May-1996,07-Jul-1999,Office Assistant I,179
838,19-May-1997,23-Jun-2007,Desktop Support Technician,158
839,23-Apr-2009,25-Aug-1998,Information Systems Manager,188
840,05-Feb-2006,07-Mar-2015,Teacher,122
841,03-May-2000,24-Jul-2003,Nurse,127
842,04-Jul-2014,08-Apr-2012,Registered Nurse,136
843,08-Jun-1991,02-Nov-2003,Human Resources Assistant I,171
844,20-Oct-2000,20-Nov-2000,Dental Hygienist,165
845,08-Oct-2012,28-Apr-1991,Environmental Tech,151
846,06-Apr-1992,09-Jul-2014,Financial Advisor,112
847,22-Oct-2006,27-Dec-2012,Assistant Professor,184
848,09-Mar-2015,13-Jan-2008,Accountant IV,130
849,02-Aug-1994,23-Sep-2008,Internal Auditor,190
850,01-Mar-2015,16-Feb-2000,Programmer I,160
851,25-Aug-1997,10-Sep-2003,Account Coordinator,148
852,27-Jun-2007,01-Jun-1994,Speech Pathologist,136
853,05-Jun-2001,07-Dec-2006,Financial Advisor,120
854,09-Nov-2011,22-May-1999,Senior Sales Associate,153
855,26-Apr-1991,22-Jul-2013,General Manager,146
856,21-Jun-1991,02-Dec-2011,Quality Control Specialist,131
857,15-Mar-1999,10-Jun-1999,Environmental Tech,132
858,23-May-1993,19-Jul-2012,Product Engineer,159
859,09-Nov-1998,02-Aug-2013,Account Representative IV,116
860,08-Feb-2015,25-Aug-2013,Physical Therapy Assistant,185
861,11-Dec-2005,20-Aug-1995,Project Manager,118
862,20-Aug-2015,20-Dec-1994,Executive Secretary,198
863,16-Nov-2013,21-Jun-2004,Teacher,145
864,21-Mar-2015,23-Feb-2002,Payment Adjustment Coordinator,147
865,24-Apr-1995,20-Apr-2007,Computer Systems Analyst III,144
866,16-Nov-1993,19-Aug-1991,Nurse Practicioner,147
867,09-Oct-2012,18-Dec-1995,Environmental Tech,123
868,04-Mar-1997,10-Mar-1995,Nuclear Power Engineer,190
869,26-Dec-2004,22-Dec-2011,Staff Accountant III,183
870,15-Mar-2007,12-Feb-2005,Research Associate,104
871,06-Dec-2002,31-Dec-2010,Senior Developer,117
872,21-Feb-2012,09-Jul-1998,Engineer III,147
873,10-Jun-2011,06-Jul-2009,Nurse,192
874,24-Mar-2013,13-Feb-1991,Librarian,113
875,06-May-2017,18-Apr-2004,Recruiting Manager,171
876,29-Apr-2007,17-Nov-1998,Junior Executive,132
877,14-Jun-2006,20-Feb-2003,Mechanical Systems Engineer,164
878,28-Mar-2001,27-Jun-1998,Librarian,194
879,11-Feb-1992,06-May-1999,Professor,175
880,23-May-1991,22-Sep-2013,Design Engineer,178
881,07-Mar-1995,17-Apr-2000,Account Coordinator,186
882,12-Aug-2003,17-Sep-1990,Software Engineer II,187
883,28-Apr-2010,15-Dec-2000,Account Coordinator,197
884,18-Feb-1991,19-Oct-1996,Technical Writer,192
885,30-Mar-2012,08-Jul-2011,Sales Representative,148
886,06-Jul-2007,01-Jun-2005,Mechanical Systems Engineer,146
887,24-Feb-2013,17-Nov-1992,Assistant Professor,174
888,08-Apr-2002,05-Oct-1996,Database Administrator II,191
889,09-Jan-2005,05-Nov-1998,Desktop Support Technician,116
890,26-May-2006,15-Jun-2005,Information Systems Manager,146
891,16-Jun-2010,05-Mar-1990,Budget/Accounting Analyst II,146
892,26-Apr-2013,01-Apr-1993,Editor,160
893,26-May-2014,08-Dec-1995,Nurse,177
894,14-Oct-1999,11-May-1990,Teacher,143
895,19-Jun-1991,02-Nov-1993,Senior Financial Analyst,125
896,11-Jul-2004,17-Jul-2011,Chief Design Engineer,154
897,28-May-2008,21-Sep-2003,Office Assistant IV,117
898,04-Oct-1990,28-Apr-2005,Geologist II,149
899,12-Aug-2005,24-May-2001,Design Engineer,165
900,29-Jan-2011,16-May-1990,Business Systems Development Analyst,195
901,07-Oct-1996,10-Jun-2010,Editor,178
902,21-May-1990,31-Dec-1998,Structural Analysis Engineer,177
903,29-Jun-1991,14-Aug-2005,Software Test Engineer I,109
904,25-Dec-1995,13-Jan-1991,Web Designer IV,170
905,01-Jan-2004,16-Dec-1998,Electrical Engineer,113
906,15-Nov-2011,18-Feb-2015,Systems Administrator IV,154
907,02-Jan-2006,16-Sep-2005,Programmer Analyst III,167
908,24-Feb-2012,18-Sep-2006,Automation Specialist I,165
909,25-Dec-2002,03-Nov-2010,Design Engineer,121
910,27-Sep-2001,25-Feb-1997,General Manager,144
911,11-Dec-2000,12-Sep-1997,Recruiter,105
912,24-Jun-2002,04-Nov-2000,Marketing Assistant,174
913,28-Jun-1998,16-Jan-2013,Software Engineer I,155
914,02-Feb-2007,22-Oct-2017,Biostatistician IV,129
915,30-Apr-2013,17-Jul-1990,Account Executive,192
916,26-Nov-1992,17-Jun-2008,Physical Therapy Assistant,105
917,01-Sep-2012,25-Apr-2005,Tax Accountant,131
918,07-Feb-2017,23-Jun-2017,Computer Systems Analyst I,104
919,30-Apr-2006,11-Oct-2004,Clinical Specialist,147
920,07-May-1996,30-Jan-2010,Analyst Programmer,187
921,01-May-1992,26-Apr-2005,Research Nurse,117
922,19-Jun-2007,30-Dec-1997,Web Developer IV,126
923,12-Nov-1993,30-Aug-1992,Chemical Engineer,199
924,10-Jan-1997,09-Nov-1994,Food Chemist,113
925,27-Jun-2011,08-Jan-2015,Statistician IV,108
926,06-Dec-1999,02-Jan-2011,Chief Design Engineer,137
927,21-Dec-1991,31-Dec-2014,Database Administrator III,169
928,21-Apr-2007,26-Jan-1995,Civil Engineer,127
929,28-Dec-2012,21-Jul-2012,Operator,182
930,29-Jun-2004,21-Jun-1994,VP Marketing,150
931,02-Feb-1997,12-May-2012,Account Coordinator,136
932,22-Dec-2001,23-Nov-2013,Environmental Specialist,118
933,25-Jun-1994,03-Sep-1999,Senior Cost Accountant,199
934,25-Aug-2001,09-Apr-2013,Environmental Specialist,158
935,24-Feb-2015,30-Jul-1994,Tax Accountant,195
936,12-May-2014,22-Jan-1992,Speech Pathologist,115
937,13-Oct-1994,15-Mar-2009,Chemical Engineer,168
938,22-Sep-2016,02-Jan-2017,Marketing Manager,164
939,06-Feb-2006,01-Apr-2016,Mechanical Systems Engineer,186
940,22-Jun-2001,09-Nov-1992,Community Outreach Specialist,143
941,21-Jun-1993,19-Aug-1990,Account Executive,145
942,27-Sep-2013,15-Jun-2005,Pharmacist,154
943,02-Nov-1993,05-Aug-2003,Information Systems Manager,171
944,28-Nov-2008,24-Nov-1994,Geologist I,193
945,30-Dec-1994,26-Jan-2016,Financial Analyst,149
946,21-Dec-2015,30-Jan-1991,Recruiter,149
947,24-Jul-1997,28-Mar-2008,Engineer III,117
948,01-Feb-2014,27-Jun-2013,Internal Auditor,107
949,04-Feb-1992,19-Apr-2002,General Manager,142
950,18-Sep-2017,28-Apr-2014,Editor,102
951,24-Jul-2013,27-Jun-2015,Office Assistant III,193
952,23-Nov-1997,12-Jul-2013,Teacher,192
953,31-Oct-2004,14-Jul-2004,VP Product Management,182
954,20-Feb-2012,04-Oct-2002,Cost Accountant,183
955,26-Feb-2013,20-May-2003,Analog Circuit Design manager,137
956,03-Feb-1995,16-Jan-2000,Quality Engineer,128
957,08-Sep-2005,29-Apr-2001,VP Marketing,114
958,29-Jun-2016,31-Aug-2001,Geological Engineer,171
959,07-Feb-2002,13-Dec-1992,Food Chemist,197
960,16-Jan-1995,02-Mar-2012,Computer Systems Analyst I,130
961,18-Oct-2015,10-Apr-2011,Engineer IV,120
962,21-Mar-2001,08-Mar-2013,Accounting Assistant III,164
963,19-Jun-2006,05-Dec-2003,Community Outreach Specialist,164
964,04-Sep-2007,17-Feb-2005,Internal Auditor,128
965,25-Nov-2005,26-Sep-2000,Civil Engineer,122
966,28-May-2009,12-Oct-2014,Recruiter,155
967,15-Feb-1999,07-Sep-2017,Accountant IV,101
968,04-Sep-2013,13-Mar-2017,Media Manager III,152
969,16-Sep-2004,14-Nov-2000,Actuary,157
970,30-Apr-2003,14-Apr-2000,Desktop Support Technician,179
971,16-Jan-2010,08-Aug-2016,Senior Quality Engineer,187
972,16-Oct-2004,03-Dec-1999,Occupational Therapist,155
973,28-May-2005,21-Nov-2001,Marketing Assistant,108
974,29-Nov-2016,01-Jun-2001,Teacher,173
975,14-Dec-2015,12-Mar-2004,Recruiter,142
976,22-Nov-1996,13-Jan-1992,Geological Engineer,106
977,10-May-2005,14-Jul-2006,Budget/Accounting Analyst I,164
978,23-Jun-1999,05-Apr-1993,Senior Sales Associate,140
979,03-Feb-1993,20-Sep-1993,VP Marketing,122
980,13-Nov-2010,17-Oct-2008,Account Executive,122
981,18-Jan-2013,25-Nov-1994,Research Assistant IV,117
982,10-Apr-2003,20-Jan-2016,Administrative Assistant I,173
983,24-May-1996,13-Oct-2016,Data Coordiator,196
984,24-Aug-2006,12-Feb-2003,Assistant Professor,101
985,18-Dec-2014,06-Dec-1994,Research Nurse,160
986,15-Apr-2004,14-May-1998,Tax Accountant,172
987,24-Dec-2002,02-Aug-1992,Civil Engineer,156
988,24-Jun-2005,01-May-2003,Cost Accountant,111
989,28-Aug-2002,15-Oct-1994,Business Systems Development Analyst,192
990,30-Jan-2002,18-Jan-1996,Senior Developer,143
991,01-Feb-2001,01-May-2016,Assistant Professor,189
992,30-Oct-1995,07-Aug-2005,Civil Engineer,183
993,29-Nov-1996,21-Nov-1995,Graphic Designer,121
994,18-Feb-1991,17-Sep-1990,Operator,151
995,06-Sep-2015,04-Mar-2016,Safety Technician III,131
996,17-Jul-2012,29-Dec-1994,VP Marketing,131
997,14-Sep-1996,09-Mar-2006,Chemical Engineer,129
998,14-Feb-2017,09-May-2015,Sales Associate,133
999,01-Jul-1990,11-Sep-2002,Speech Pathologist,169
1000,28-Jul-1997,08-Oct-1997,GIS Technical Architect,118
