PROGRAM_ID,NEWS_NAME,NEWS_TYPE,NEWS_HOUR,CAMERAMAN_ID,DIRECTOR_ID,PRODUCER_ID,TITLE_SPONSOR
246,McDermott Group,PROMETHEGAN,7,1213,3394,438,Skipstorm
850,Jast-Kutch,Visipaque,11,4900,181,440,Blogpad
350,"Bruen, O'Connell and Reichel",Jantoven,0,2887,4673,571,Fivebridge
229,Reichel-Schaefer,LypSyl Honeyberry,7,2339,2902,531,Bluezoom
840,Zemlak-Ledner,Hydroxychloroquine Sulfate,13,3465,750,866,Skidoo
118,Jast-Schulist,ESIKA Extreme Moisturizing SPF 16,2,4300,458,289,Jaxworks
768,"Aufderhar, Von and Rohan",FNGSODE,13,1779,2854,405,Mita
871,"Marquardt, Legros and Cruickshank",Dextrose,18,2090,1841,477,Agimba
645,"Prohaska, Zemlak and Vandervort",risperidone,4,2247,3803,959,Blogtags
751,Bailey and Sons,Rough Marsh Elder,16,2154,366,663,Kamba
203,McCullough and Sons,MISSHA SIGNATURE COMPLEXION COORDINATING BB,23,3165,4006,477,Thoughtstorm
447,Franecki-Gusikowski,AZITHROMYCIN,20,1555,1356,865,Jayo
231,Schmeler-Howell,levalbuterol hydrochloride,21,1672,3233,583,Talane
592,Crooks-Rutherford,NiteTime DayTime,1,2887,2235,300,Jaxspan
144,Turcotte-Ryan,BURZANGMURY GOLD TREATMENT,14,2896,2077,654,Trudoo
766,Hessel-Williamson,Care One Nasal Four,23,471,4381,698,Gevee
808,Pagac-Adams,Prochlorperazine Maleate,11,130,1862,680,Trilia
154,Romaguera Group,H-Shingles Formula,6,671,4852,597,Dabfeed
281,Goyette-Lindgren,Sinusitis,0,4126,4662,532,Bubblebox
919,"Gusikowski, Kling and Bernhard",Pseudoephedrine Hydrochloride,16,2691,927,212,Livetube
496,"Lang, Dibbert and Kilback",Derma-Glove,23,4523,2140,194,Kwimbee
457,Ferry-Strosin,Natures Gate,5,4771,442,821,Mudo
208,Wilderman-Rice,Doxorubicin Hydrochloride,8,2835,3842,267,Photojam
923,"Purdy, Ebert and Dach",Sore Throat,24,1773,4093,348,Layo
752,"Quigley, Rowe and Marks",Bronci,8,4612,4763,340,Mynte
824,Waelchi Group,Antibiotic,23,2692,2738,467,Topicware
508,Nienow-Ferry,DOTAREM,4,4242,2105,708,Jaxbean
801,Roberts Inc,LBEL COULEUR LUXE AMPLIFIER XP,11,558,4141,616,Eadel
493,Simonis Group,Glycopyrrolate,14,3245,4603,656,Ntags
807,Steuber LLC,Bacitracin,1,2053,3124,822,Demimbu
799,Dickinson Group,LASTACAFT,7,4000,1416,155,Mynte
526,"Padberg, Mueller and Langosh",Ortho Evra,7,116,431,689,Oozz
451,Reichert Inc,Antibacterial Hand,23,4766,1251,809,Quatz
151,Parker-Wuckert,Amoxicillin,4,1735,3109,459,Eayo
105,"Robel, Toy and Klein",Phentermine Hydrochloride,2,3755,1883,1000,Dynazzy
832,Herzog LLC,Octreotide,17,2998,2439,295,Skiba
759,Kulas-Jast,English Walnut Pollen,15,855,2945,176,Agimba
856,"Mayert, Hirthe and Hettinger",Velvet Grass,16,591,1626,976,Twitterwire
330,Marvin-Reinger,Zolpidem Tartrate,20,3311,3819,850,Miboo
365,Walker-Reilly,TYLENOL,11,1389,3083,857,Dynabox
956,Harris-Christiansen,Treatment Set TS349291,22,798,4758,119,Brainbox
360,Bogan-Brekke,CLONAZEPAM,17,4339,3966,418,Topicblab
764,"Wiegand, Marquardt and Heidenreich",Dr. OH PATCH,4,1715,4399,172,Skidoo
191,Schuster Group,Tussin DM,8,1440,3342,280,Blognation
381,"Langosh, Schiller and Lemke",Bupropion Hydrochloride,4,4302,2890,614,Voonyx
511,Kohler Group,Norvasc,20,3114,3687,202,Yabox
856,MacGyver-Lakin,FRESH JUICE C,24,225,1530,958,Brainverse
941,"Hermann, Wolf and Lakin",Fenofibrate,4,377,4333,497,Youopia
592,Jakubowski Group,Methimazole,16,1612,4525,838,Roomm
963,Thompson Group,Nighttime Sleep Aid,13,4984,2262,464,Flashdog
858,Wuckert and Sons,Enalapril Maleate,3,4944,2754,630,BlogXS
970,Lakin and Sons,Antiseptic,0,2156,1110,652,Youtags
819,"Welch, Ziemann and Beer",GaviLyte - C,23,4146,1983,329,Linklinks
740,Harber and Sons,Valsartan and Hydrochlorothiazide,24,3940,2022,420,Zoovu
843,Herzog LLC,SAFEWAY CARE,17,1384,617,418,Aimbu
807,Wisozk-Schuster,Gabapentin,17,2064,2225,262,Realcube
737,"Oberbrunner, Romaguera and Adams",CANDIDA ALBICANS,23,4392,4483,455,Yakitri
848,"Hammes, Ankunding and Wilkinson",PharMax Nerve,18,4372,4650,242,Skippad
255,Fahey and Sons,Super Plus Beblesh Balm Triple Functions SPF50 Plus PA 3Plus (40g),18,1145,1774,314,Brainsphere
264,Reilly-Bode,Theophylline,7,1541,4966,995,Mydeo
577,Mohr LLC,Azithromycin,12,2895,1202,836,Bluezoom
268,Gutmann-Schowalter,Woodwards HandClens Foaming Sanitizer,22,3316,1570,887,Cogilith
845,Schimmel-Mertz,Careone,9,400,1797,467,Gigabox
668,Hermiston Inc,Naproxen,21,325,2419,800,Kanoodle
951,"Lindgren, Klocko and DuBuque",Kroger Aloe Vera,4,2480,3450,686,Yodoo
766,"Lebsack, Strosin and Stamm",HOMATROPINE HYDROBROMIDE OPHTHALMIC,8,2263,3638,306,Skaboo
933,Block-Blick,Niacin,13,4342,2769,925,Babbleopia
170,"Kerluke, Zemlak and Hoeger",Lollicaine Cherry,16,3733,4355,661,Thoughtstorm
360,Bechtelar and Sons,Methylprednisolone,24,4461,337,433,Photobug
794,Mann Group,Hello,1,509,593,966,Topiczoom
721,"Runte, Bahringer and Kulas",Sertraline Hydrochloride,1,3175,161,820,Voonix
160,"Skiles, Roberts and Prosacco",PrismaSol,12,3129,4823,858,Buzzdog
864,Bauch-Kuvalis,Lovenox,17,4563,1720,352,Edgeclub
919,"Schultz, Kertzmann and Weimann",Actos,3,2929,1583,137,Photobug
799,"Farrell, Bartell and Romaguera",Sei Bella Age-Defying Liquid Foundation,0,4897,4912,353,Gabspot
601,Roberts-Terry,equate hydrocortisone,14,4500,3701,207,Trupe
892,"Walker, Orn and Schmeler",Pioglitazone,16,4001,1561,569,Wikizz
674,"Durgan, Russel and Schimmel",PredniSONE,20,2366,2089,505,Edgeify
435,Wuckert-Farrell,Daily Wear Moisturizer SPF-20,19,4416,3166,941,Oyondu
281,Goyette Group,Bisacodyl,1,1701,2748,376,Omba
193,Jacobs LLC,Cialis,21,1313,575,389,Edgetag
568,"Buckridge, Block and Leffler",Arthritis Pain Reliever,24,1332,1545,745,Wikizz
882,Rath and Sons,Sovaldi,15,257,4892,306,Browsezoom
856,"Hermiston, Mueller and Tromp",Chinese Elm,1,3669,3688,656,Leenti
136,McLaughlin-Stroman,Methylphenidate Hydrochloride,12,236,1946,808,Divanoodle
616,"Dibbert, Schuppe and Cronin",PRAVASTATIN SODIUM,9,1467,2505,899,Bubblemix
715,"O'Connell, Daugherty and Little",Contessa,6,3295,2121,715,Mydo
627,"Haag, Effertz and Littel",Senna,23,1787,1278,601,Jaxspan
282,Ruecker-King,LYCOPODIUM CLAVATUM,10,2611,2058,295,Yoveo
615,"Bosco, Pfeffer and Marquardt",Erythromycin,20,1221,1619,236,Yambee
441,"Beer, Hermann and Walsh",Phentermine hydrochloride,5,1867,4381,570,Brightbean
995,"Hessel, Haag and Wilderman",Cortenema,22,2600,134,330,Kamba
218,Zemlak-Heller,EPIVIR,15,813,134,322,Zooveo
348,Klocko-Beer,Eczema-HP,4,2889,3425,333,Vinte
136,Waters-Douglas,Ativan,14,1604,3200,586,Skyndu
921,"Lang, Reilly and Kirlin",DiorSkin Nude 040 Honey Beige,19,2748,4084,241,Blognation
482,Bashirian Inc,Gas Relief,14,718,1352,187,Dabjam
896,"Hagenes, Purdy and Hahn",Omeprazole,6,3916,314,539,Pixonyx
792,Dietrich-Heidenreich,Ropinirole Hydrochloride,10,2065,1189,402,Devshare
488,Weimann LLC,MANGO BUTTER LIPSTICK,21,1478,2200,788,Wordware
102,Jacobi and Sons,Laura Mercier Tinted Moisturizer SPF 20 Warm Radiance,14,387,329,629,Feedfire
130,Considine-Jaskolski,NITROUS OXIDE,9,3669,4431,269,Twitterbridge
233,O'Conner-Beier,Hazelnut,12,1458,947,835,Topicstorm
875,Bins-Hermann,Triamterene and Hydrochlorothiazide,5,716,292,645,Leexo
667,DuBuque-Langworth,Petroleum,7,290,2452,244,Blogspan
302,"Rice, Wilderman and Rice",LANSINOH BABY,4,2121,1637,377,Meembee
191,"Robel, Graham and Barrows",Ondansetron,6,4699,777,806,Brightbean
912,Fritsch LLC,Climara Pro,17,2609,3314,892,Kwideo
499,Tromp-Johnston,Rabeprazole Sodium,10,2106,1661,920,Roombo
386,"Witting, Bartell and Hansen",Oxygen,1,3601,2631,989,Shufflebeat
446,Klocko Group,Intense Care Snail ampoule,7,2151,654,547,Skiptube
504,VonRueden Group,Fluoxetine Hydrochloride,21,976,3771,721,Vidoo
264,Simonis LLC,Sunmark muscle rub,15,2928,4639,329,Mynte
350,Nikolaus Group,Carvedilol,1,1876,969,307,Eire
104,Kuvalis-Maggio,Revonto,13,687,4938,109,Dablist
513,"Blanda, West and Schneider",StingMed,5,4149,714,333,Trilia
858,"Metz, Champlin and Kris",DulcoGas,22,525,3697,273,Reallinks
544,Hermiston Group,Carbocaine with Neo-Cobefrin,6,2834,2821,503,Oyoyo
722,Pacocha-Mann,ENALAPRIL MALEATE,8,626,923,354,Oba
721,Bins and Sons,family wellness acid reducer,14,3197,3805,808,Yabox
724,"Parisian, Hodkiewicz and Parisian",Dexamethasone,12,121,2886,531,Feedspan
904,Weissnat-Effertz,Ergocalciferol,9,2555,2261,745,Oloo
686,Renner-Jacobs,Furosemide,24,3660,2540,276,Avaveo
853,"Hirthe, Terry and Mitchell",Proactiv Solution Daily Protection Plus Sunscreen,8,4673,3234,375,Meevee
789,"Jenkins, Hagenes and Hegmann",LIDODERM,16,1985,2560,247,Yakidoo
315,"Gaylord, Roob and Schaefer",Brain Balance,12,411,1032,508,Snaptags
544,"Hayes, Batz and Adams",OraLabs Cold Sore Treatment,16,1597,757,520,Myworks
711,"Nitzsche, Schumm and Little",ipratropium bromide and albuterol sulfate,20,2155,3111,909,Edgepulse
395,Gleason-Beer,RE NUTRIV RADIANT UV BASE,8,1867,3128,862,Flipopia
696,"Jacobson, Connelly and Bahringer",Ibuprofen,23,1132,188,445,Devpoint
173,Smitham and Sons,Hand Sanitizer,13,785,361,479,Gevee
244,Kuhn Group,Rimmel London,9,828,643,261,Devpoint
911,Stokes and Sons,Soft Bisque Expert Finish Makeup Makeup Broad Spectrum SPF 25,19,705,3128,605,Dynabox
442,Haley Group,Nabumetone,21,1365,4411,866,Jabbersphere
853,Schimmel Group,Fexofenodine Hydrochloride,1,3050,709,540,Linklinks
895,Hodkiewicz LLC,Finacea,5,4609,2041,543,Topiclounge
994,Bashirian Group,Lamisil,1,229,261,708,Pixonyx
674,Kerluke-Ondricka,Pioglitazone,16,4744,2636,880,Tagchat
360,Sauer-Mraz,Hand Sanitizer,8,2357,291,692,Avamba
118,Kulas LLC,WALGREENS LUBRICANT EYE,18,3899,165,939,Dabtype
715,"Rodriguez, Parker and Ryan",LISINOPRIL,24,3543,3312,183,Yamia
979,"Nolan, Fisher and Wyman",GALANTAMINE HYDROBROMIDE,10,2351,3260,851,Kayveo
776,Koepp-Zemlak,ZOCOR,17,629,786,976,Fivebridge
951,O'Reilly-Raynor,Cefazolin Sodium,3,991,3917,511,Brainsphere
218,Lemke-Bednar,MUSCLE SORENESS HEADACHE,2,2084,3294,481,Youtags
248,Marvin Inc,DELATESTRYL,15,2521,4625,579,Skinder
890,Kessler Group,BISACODYL,24,499,3092,329,Tazz
692,Sipes-Bernhard,good sense aspirin,23,1805,1445,149,Meevee
724,Nitzsche LLC,Perphenazine,14,4327,4360,352,Aivee
803,"Smith, Adams and Jacobs",Topamax,1,876,2251,402,Cogidoo
181,Pouros and Sons,ENALAPRIL MALEATE,7,3873,4108,390,Brainsphere
114,"Becker, King and Bogan",Ibuprofen,5,2996,2590,762,Twitternation
392,Pouros-Padberg,Cold Spot,4,2328,3797,205,Aimbu
533,Reichert-Harris,Mirtazapine,23,2366,3343,220,Livetube
514,McGlynn-Huels,Diazepam,3,3361,3589,602,Kimia
186,"Rosenbaum, Stokes and Dare",Acetaminophen and Codeine Phosphate,12,2424,3750,456,Npath
759,Wilkinson-Mante,"Mucus Relief Cold, Flu and Sore Throat",20,1154,1203,717,Livepath
241,Funk-Bartoletti,Clobetasol Propionate,20,1910,132,611,Zooveo
160,Vandervort Group,CounterAct,23,2518,2230,181,Plambee
326,"Mante, Gislason and Rice",Felodipine,7,811,925,693,Realfire
811,Beier and Sons,Readyflush XLarge,2,419,3079,798,Shufflester
443,"Deckow, Koss and Johnson",Muscle and Joint,1,2137,1315,138,Aimbo
939,"Reichert, Torphy and Okuneva",Methylprednisolone Acetate,0,4563,1160,658,Twitterlist
146,Simonis-Little,Baby Teething,15,3479,1563,848,Babbleset
117,Streich-Rolfson,Acetylcysteine,7,3244,549,135,Twitterbridge
270,Tillman-Willms,METHADONE HYDROCHLORIDE,12,2879,325,406,Jatri
365,Volkman Group,Treatment Set TS331810,10,4841,3857,180,Skibox
691,Hodkiewicz Group,NIGHTTIME SLEEP AID Maximum Strength,17,996,4529,172,Edgetag
370,"Williamson, Sauer and Smith",SHISEIDO ADVANCED HYDRO-LIQUID COMPACT (REFILL),9,4101,270,289,Oloo
252,"Douglas, Tillman and Maggio",Hydrochlorothiazide,14,2767,799,602,Quinu
687,Dare-Russel,Eve Lom Radiance Lift Foundation SPF 15,1,1918,438,584,Rooxo
945,Klocko-Beahan,Timolol Maleate,7,3782,675,383,Kwimbee
827,Hilpert and Sons,Ofloxacin,5,4780,3783,356,Jazzy
933,"Balistreri, Dare and Boehm",Lymphatic Complex,8,1620,3075,103,Jabberstorm
293,"Little, Bayer and DuBuque",Levothyroxine Sodium,11,788,400,577,Rhyloo
793,Kling Group,Fluconazole,18,1340,329,799,Vipe
999,Dicki-Keeling,Cold Cough,3,4063,4184,761,Skalith
813,Borer-Dare,Fexofenadine HCl,23,4567,3952,146,Dabfeed
657,Funk-Strosin,LidAll,3,829,3178,211,Tazzy
262,Pacocha-Lowe,Metoprolol Tartrate,0,1964,4089,584,Skynoodle
978,Sipes-Kozey,Freshorize,7,260,1488,110,Fiveclub
362,Prohaska-Pagac,Trimethobenzamide Hydrochloride,20,1319,631,718,Pixonyx
866,Adams-Nikolaus,Tramadol Hydrochloride,12,784,2347,795,Youtags
903,Bogan Inc,Berry Hand Sanitizer with vitamin E and aloe,19,4757,4842,397,Buzzshare
877,Beatty-Nikolaus,Nighttime Cold and Flu Relief,12,3121,2174,597,Snaptags
687,"Quitzon, Brakus and Maggio",Gabapentin,22,2601,1229,500,Fivechat
353,Hudson Inc,Ergocalciferol,19,3617,2065,529,Zoombeat
216,"Runolfsdottir, Green and Jerde",Aptivus,10,2654,4247,319,Trilith
948,"Gutmann, Hamill and Goodwin",Bull Frog Kids Mist 50,0,2693,103,450,Leenti
507,Lebsack and Sons,Chaetomium globosum,4,1630,2820,654,Linktype
693,Strosin-Feest,Prednisolone Sodium Phosphate,3,2869,1090,132,Yakitri
473,Jakubowski-Pouros,Cefpodoxime Proxetil,13,4443,4817,637,Quinu
746,Steuber-Christiansen,Sani Mousse,9,2689,2143,580,Jazzy
319,Stark Group,Arnica Montana,22,1926,334,914,Katz
317,Dare LLC,Photo Plasma,3,1609,836,981,Vipe
870,Morissette Group,BB Tinted Treatment 12-hour Primer Broad Spectrum SPF 30 Sunscreen,3,767,1093,913,Dabjam
698,Ratke Group,telmisartan and hydrochlorothiazide,9,1207,4743,108,Livetube
556,Walker-Rice,Silver Maple,2,1669,1115,102,Twiyo
974,Crist-Kilback,Carvedilol,14,2679,4104,200,Skynoodle
709,"Nitzsche, Pfeffer and Stokes",ESIKA,18,920,147,837,Ainyx
296,Stracke and Sons,tension headache,19,2755,712,743,Gabtune
564,"Pollich, Thiel and Kozey",Antibacterial Hand Soap,3,3882,1323,521,Gabspot
180,"Langworth, Legros and Vandervort",Pain Relief Aspirin,13,2365,1667,882,Zooveo
881,Mohr-Haley,STANDARDIZED MEADOW FESCUE GRASS POLLEN,8,2972,4058,588,Ozu
765,Carter Group,Dexamethasone,6,1924,4548,898,Brightbean
796,"Bogan, Corwin and Murray",Clonidine Hydrochloride,23,610,2352,948,Mita
835,"Klein, Harvey and Pagac",Bisoprolol Fumarate,19,4683,3076,1000,Skippad
580,Nicolas LLC,Western Family Cold Sore Treatment,18,601,2487,645,Mydo
874,Koch-Block,Escitalopram,22,4341,131,105,Babblestorm
777,"Altenwerth, Mayer and Fisher",Viscum 3,2,1091,3342,698,Skipstorm
917,Pouros-Dach,INFLUENZINUM,13,4085,1311,489,Katz
456,"Mills, Morissette and Leffler",Lady Speed Stick,9,2146,567,876,Yakijo
375,Feeney Group,Aveeno Active Naturals Nourish Plus Dandruff Control,17,4930,3227,947,Skinix
252,"Turner, Rohan and Kovacek",PHOMA EXIGUA VAR EXIGUA,8,4402,2344,962,Tagcat
486,Gerhold-Grimes,Thiothixene,6,3341,3938,573,Flashdog
208,Rogahn Group,Loperamide HCl,2,1794,4304,209,Wikivu
368,Robel-Lockman,Shingles,3,2111,246,470,Gigabox
843,"Bayer, Jaskolski and Jacobson",Senna,22,4069,2024,748,Aimbu
717,D'Amore and Sons,SEROQUEL,20,2896,4000,403,Oyondu
602,"Bahringer, Kuhlman and Osinski",Edema,20,2762,3279,476,Leenti
896,"Mertz, O'Kon and Crona",Divalproex Sodium,9,1857,2142,717,Jabbersphere
644,Thompson Inc,VIDEX EC,14,2569,2210,735,Yacero
644,"Cruickshank, Runte and Nienow",ESIKA,20,2742,530,253,Livepath
723,Hartmann-Corwin,Vascular,23,4176,3492,266,Voonyx
610,Zulauf-Reinger,Ciclodan,24,1254,4987,540,Mydo
663,"Christiansen, Hintz and Metz",Hydrocortisone,0,4345,986,368,Dabvine
510,Block Inc,Oxygen Helium Mixture,24,2345,2215,763,Feedfish
603,"Beier, Waelchi and Bailey",Lubricant Eye Plus,19,3276,2499,130,Feedfish
404,Robel-Kreiger,Wild Country,8,2092,1551,484,Aivee
552,"Leffler, Murazik and Abbott",Diltiazem Hydrochloride,3,1899,2253,717,Devpoint
305,Huel and Sons,Grama Grass,4,583,1798,367,Mydeo
113,"Keeling, Homenick and Murphy",Acarbose,9,4107,598,239,Midel
672,Gleason Group,Isosorbide Dinitrate,5,1035,4298,503,Shuffledrive
238,Veum-Carter,Ceramide Lift And Firm Makeup Broad Spectrum Sunscreen SPF 15 Cameo,19,3028,4230,104,Yoveo
646,Bartoletti Group,PULSATILLA NIG,21,1584,501,842,Twinder
577,Batz LLC,AMINOHIPPURATE SODIUM,16,2187,4897,319,Bluejam
554,"White, Schaden and Rowe",Xopenex,14,1897,3402,334,Pixoboo
668,Smitham-Wiza,Allopurinol,22,255,4801,721,Muxo
368,Marquardt-Purdy,Arnica Aurum 20/30,13,4040,4374,853,Voonder
124,Goodwin-Stokes,Metformin Hydrochloride,5,2631,2188,671,Aivee
361,"McLaughlin, Moore and Hermiston",Tussin,17,149,4198,871,Meejo
495,Lowe and Sons,Carvedilol,20,1584,3309,563,Lazzy
291,"Raynor, Hane and Beer",amoxicillin and clavulanate potassium,4,4158,2183,143,Shufflebeat
499,"Lebsack, O'Keefe and Konopelski",top care flu and sore throat,15,3434,428,556,Thoughtbeat
358,"Runolfsson, Okuneva and Hills",Diathesis,6,4036,2077,836,Fiveclub
899,Lakin Group,RHEUMATIC PAINS,22,349,4445,401,Feednation
340,Gerlach Group,Lorazepam,23,4565,1379,283,Quire
471,Gutmann Inc,citroma,18,2967,2118,635,Zoonoodle
807,Waelchi-Nikolaus,PEXEVA,15,126,776,462,Teklist
827,"Orn, Nitzsche and Mueller",Ibuprofen,6,2658,1680,887,Realcube
613,Veum Inc,Treatment Set TS330454,4,1452,2359,830,Quinu
545,"Heathcote, Marks and O'Reilly",Fluticasone Propionate,4,4780,2953,242,Quaxo
548,"Sporer, Hane and Hahn",Constipation,24,606,278,781,Browsezoom
158,Casper-Heller,Pure Transformation Sheer Medium,13,1276,479,490,Riffpath
808,"Kuhlman, Glover and Bins",Malathion,3,3190,3709,930,Jabbertype
472,"Jaskolski, Rogahn and Okuneva",Personal Care Antibacterial Hand,20,1809,390,896,Thoughtbridge
157,Schimmel-Wisozk,Sulindac,17,1769,587,170,Lazzy
740,"Feeney, Jaskolski and Kulas",Sodium Chloride,9,3681,2529,417,Innojam
134,Kuhn-Prohaska,Urinary Pain Relief,7,1176,1195,270,Browsecat
823,Ankunding LLC,Childrens Day Time Cold and Cough,16,4502,3139,628,Zoonoodle
769,"Erdman, Schamberger and Heller",voriconazole,0,4381,2664,394,Flashpoint
434,Parisian-Monahan,Promethazine Hydrochloride,9,227,3547,481,Ntag
771,"Bechtelar, Murray and Harvey",Castellani Paint,20,1603,4277,110,Rooxo
367,"Ratke, Ruecker and Kassulke",IFOSFAMIDE,0,4267,4100,772,Gigabox
566,Dietrich-Stroman,Acyclovir,23,4802,3972,480,Trupe
291,Haley Inc,PRAVASTATIN SODIUM,15,785,4112,859,Skyndu
548,Bogan Inc,Trazodone Hydrochloride,16,4769,2245,300,Devcast
899,Schimmel Inc,Dobutamine Hydrochloride in Dextrose,5,1296,335,761,Trilith
224,"Muller, Howell and Nader",LEADER Sugar Free Cough Drops Black Cherry,13,4942,770,586,Tekfly
367,Gibson and Sons,Gyne-Lotrimin 7,18,3916,2403,198,Flashspan
815,"Emmerich, O'Keefe and Kunze",Medulla Ossium 8 Special Order,24,865,455,341,Jabberstorm
203,"Lemke, Rutherford and Bergnaum",Vital-FL,4,3798,4711,557,Quire
561,"Huel, Champlin and Mante",Testosterone Cypionate,16,4862,4044,442,Brainbox
218,Waelchi Inc,Good Neighbor Pharmacy Childrens Pain and Fever,6,743,617,863,Dabshots
567,Mills and Sons,leader cold head congestion,6,1295,4172,388,Jayo
976,"Fisher, Howe and Lynch",Apple Spice Antibacterial Foaming Hand Wash,1,4711,2608,244,Dabshots
241,Hilpert and Sons,VERTIFORCE,18,404,2480,367,Tagcat
158,Gulgowski Group,Oxygen,19,3562,2989,514,Topiczoom
731,"MacGyver, Schowalter and Jakubowski",Oxycodone and Acetaminophen,13,1424,1266,349,Lazz
946,Spencer-Balistreri,Santalia Clinical Daily Cleanser,19,2085,185,880,Bluejam
310,Streich Group,Topcare Nicotine,14,1311,2157,886,Cogidoo
975,"Purdy, Tillman and Schuppe",Pulsatilla Kit Refill,3,1226,3615,781,Avavee
734,Cronin Group,Fluconazole,18,3664,2818,215,Twitternation
836,"Corkery, Johnson and Torp",Men Dynamics,22,646,499,300,Podcat
138,Kassulke LLC,Mentholatum Sports Pain Relief,4,4469,1597,894,Gabtune
464,Hodkiewicz LLC,Nitrous Oxide,22,2157,2362,182,Voomm
328,Davis-Fritsch,Allergy Relief,6,1420,3524,713,Wikido
982,White-Thompson,Dr.eslee Sun Matte,9,4655,286,739,Kwinu
511,"Hintz, Conn and Abernathy",UltrasolSunscreen,19,2632,2830,740,Youfeed
579,"Fritsch, Brekke and Mills",Prostatone,10,4677,3928,950,Tavu
589,"Walker, Zboncak and Quigley",ESTRADIOL VALERATE,15,4436,1071,600,Katz
640,Blanda Inc,Risperidone,9,4486,1061,660,Podcat
304,Hand Group,AHC Whitening Special Gen Solution,19,1660,941,484,Skinder
814,"Mosciski, Tremblay and Kulas",Aveeno Baby Natural Protection MineralBlock Sunblock,8,4165,4897,297,Photojam
639,Beier-White,Amitriptyline Hydrochloride,9,539,1271,610,LiveZ
908,Veum-Wunsch,Tussin Chest Congestion,5,1986,3348,287,Oyondu
917,Carroll-Klocko,Quenalin Cough,18,2843,3060,491,Riffpath
119,"Walker, Homenick and Robel",LBEL FILLING EFFECT FOUNDATION SPF 10,18,3725,2741,980,Twiyo
324,"Nitzsche, Fritsch and Parker",ASPIRIN,0,4533,2954,508,Yodel
625,Hermiston-Labadie,Nizoral,10,4501,4853,263,Buzzster
116,Larkin-Bartoletti,DawnMist Fluoride,5,4148,3451,613,Skipstorm
235,"Wolf, Heaney and Wolf",Atovaquone and Proguanil Hydrochloride,21,4781,3218,827,Tanoodle
362,"Carroll, Monahan and Haley",Warfarin Sodium,2,2263,2415,708,Realbuzz
222,Casper Inc,Yves Saint Laurent Top Secrets All In One BB,14,2784,3429,700,Voonder
171,"Legros, McLaughlin and Schaden",Imipramine Hydrochloride,6,1801,2104,897,Kaymbo
911,Larson-Borer,Famotidine,6,1175,3531,356,Babbleset
630,Langworth LLC,Parlodel,23,4132,558,244,Thoughtbridge
130,Kemmer Inc,Lamotrigine,21,3364,4999,586,Browsetype
317,"Bogan, Jacobi and Ankunding",Testosterone,22,3338,4408,518,Youtags
112,Hyatt LLC,CVS Long Lasting Lubricant Eye,0,1570,2774,565,Agimba
256,Heller-Kshlerin,RISPERDAL,24,3649,4170,431,Pixoboo
111,"Considine, Klocko and Jaskolski",McD Hand Sanitizer,2,122,4779,141,Centizu
246,Stoltenberg-Kessler,FLAWLESS FINISH PERFECTLY NUDE MAKEUP BROAD SPECTRUM SUNSCREEN SPF 15 SHADE AMBER,24,4506,4959,641,Tambee
137,Mraz-Lynch,SOLAR SENSE CLEAR ZINC SUNSCREEN FACE and BODY BROAD SPECTRUM SPF 50,1,2916,3362,287,Omba
726,Vandervort and Sons,Acyclovir,17,1036,4785,965,Yodo
863,Glover and Sons,Leader TabTussin 400,15,4061,2172,540,Wikido
552,Rodriguez LLC,Vitamin K1,6,2046,452,301,Skinder
419,"Haag, Nikolaus and Schuster",Neutrogena,19,488,3096,243,Jetwire
489,"Goodwin, Price and Rodriguez",Zolpidem,10,3123,3366,473,Dabfeed
587,Funk LLC,Neutrogena Healthy Skin Brightening Eye Perfector,22,3854,2407,273,Feednation
352,"Romaguera, Gerhold and Romaguera",Best Choice Daytime Severe Cold and Cough,7,4298,3104,473,Jetpulse
814,Emmerich-Ondricka,Unscented Hand Sanitizer,15,4419,403,576,Quatz
372,Cronin Inc,Valsartan and Hydrochlorothiazide,5,2789,4953,779,Mynte
853,Denesik Group,Up and Up nicotine,4,2847,1497,160,Devbug
570,"Dietrich, Ullrich and Hane",Budesonide Inhalation,18,2898,4832,864,Browsecat
394,"Wintheiser, Wiza and Keeling",DOXYCYCLINE,1,3883,3510,136,Devbug
372,Mueller-Pollich,HYDROCODONE BITARTRATE AND ACETAMINOPHEN,2,1382,551,427,Divape
238,Reinger and Sons,Prednisone,8,4906,3900,441,Roomm
730,Mante-Labadie,JANUMET,23,3597,2903,102,Aivee
556,Langworth-Anderson,Blueberry,17,4902,1941,125,Voolith
994,Ruecker LLC,Ketorolac Tromethamine,14,2030,2524,961,Jabbertype
299,Brown Group,ShopRite Gas Relief,21,3508,4790,529,Kwideo
808,"Mosciski, Emard and Cormier",SALIX NIGRA POLLEN,10,272,1693,134,Dabfeed
988,Kuphal Group,Gabapentin,4,456,1365,265,Browsebug
359,"Mante, Satterfield and Shanahan",McKesson Nite Time,6,1990,3525,230,Fiveclub
183,Stanton Inc,FOAMING HAND SANITIZER,8,2339,865,814,Zava
994,King Inc,METOCLOPRAMIDE,9,441,4500,724,Divape
765,"Hackett, Wolff and Funk",acyclovir,23,4201,2290,577,Meezzy
161,Baumbach-Jaskolski,ADRUCIL,6,4885,4926,836,Zoovu
485,Gaylord-Farrell,Pain Reliever Fever Reducer,16,3871,1741,713,Meejo
465,Schowalter-Orn,Cozaar,21,2539,4175,988,Edgewire
940,Armstrong Inc,Hydrocodone Bitartrate and Acetaminophen,5,1167,3333,539,Rhynoodle
958,"Jakubowski, Heller and Murphy",DESONATE,19,1833,1703,692,Riffpedia
271,Botsford-O'Reilly,Sciatic Rescue,3,2158,4656,777,Mynte
935,"Jast, Kohler and Douglas",Ibuprofen,3,1895,2877,550,Demivee
372,"Leannon, Thiel and Yundt",Acyclovir,5,3289,1340,470,Quinu
258,Pfannerstill and Sons,Additox,15,672,2876,705,Kwimbee
742,Goyette and Sons,NEOMYCIN AND POLYMYXIN B SULFATES AND GRAMICIDIN,18,512,1886,547,Mydeo
212,Armstrong LLC,Antizol,22,3705,2254,440,Bluejam
801,Wiegand and Sons,Opalescence Plus,19,4348,516,464,Eimbee
561,"Bergnaum, Powlowski and Parisian",Xopenex HFA,6,4594,4690,478,InnoZ
357,Keeling LLC,Terbinafine Hydrochloride,9,1106,841,807,Omba
137,Grant Group,Potassium Phosphates,12,4357,3767,391,Centidel
695,"Ankunding, Hyatt and Willms",Denti-Care Denti-Freeze,5,882,2280,148,Zazio
909,Herzog-Luettgen,Rimmel London,3,527,3900,258,Vipe
382,Stroman and Sons,Aptiom,10,1328,887,669,Skibox
580,Wisoky Inc,Kiss of Hope Pink Tinted,14,879,3349,105,Lazzy
1000,"Green, Schinner and Hagenes",Kadian ER,16,1909,4548,634,Bluezoom
437,Durgan Group,Losartan Potassium and Hydrochlorothiazide,14,4623,1347,958,Dabfeed
188,Ernser-Leffler,Gabapentin,0,3720,1780,553,Feedbug
708,"Schumm, Yundt and Goyette",ibuprofen pm,21,1471,457,735,Mymm
557,Stehr-Jacobi,ibuprofen,9,3950,857,973,Skidoo
864,White and Sons,SERTRALINE HYDROCHLORIDE,22,3880,4025,306,Meetz
127,Macejkovic LLC,Canadian Blue Grass,21,1297,1191,775,Feedfire
218,Pacocha Group,LEFLUNOMIDE,1,2646,1448,937,Buzzster
985,Reilly LLC,Childrens Ibuprofen,11,2075,1516,368,Jaloo
663,"Turcotte, Nicolas and Dickinson",Driminate,1,1518,1768,370,Cogibox
367,Armstrong-Ryan,INVEGA SUSTENNA,6,3960,4588,579,Ailane
863,Lueilwitz LLC,ALL YOU NEED,19,2692,2703,873,Fatz
801,"Schneider, Harvey and Considine",Dextrose,15,895,2435,712,Yodel
777,"Dibbert, Strosin and Mann",Clearasil Daily Clear,10,4137,543,588,Twinder
615,Hessel-Jacobson,Chloroquine Phosphate,3,4803,2102,163,Yabox
905,Mohr-Bednar,ZOFRAN,4,878,3909,819,Dynabox
950,"Ankunding, Bernier and Hudson",Humulin 70/30,3,414,2986,272,Skibox
607,"Denesik, Turner and Kautzer",Accupril,6,2927,1069,222,Meezzy
859,Crooks-Grady,MARCS,18,3686,3390,280,Yabox
822,Bauch LLC,Tyzine Pediatric,22,832,1464,630,Zazio
734,Langworth-Beier,First Aid Pocket Pack - 40 Pieces,16,2010,1745,145,Skajo
399,Osinski Group,Doxycycline Hyclate,20,1175,2556,952,Yakijo
729,Ferry-Kuhlman,Isosorbide Dinitrate,12,3095,3555,290,Eayo
447,Jacobi-Steuber,Ropinirole Hydrochloride,21,456,1875,753,Babblestorm
565,"Renner, King and Lang",CELEBREX,12,3768,1945,464,Skalith
642,"Cummings, Reinger and Strosin",Haloperidol Lactate,20,3257,3617,774,Voomm
698,Beatty-Kessler,Jet Lag and Shift Change,14,3798,320,559,Quire
655,Huel-Spinka,Oxygen,16,839,4786,617,Ntag
124,"Considine, Graham and Frami",Inflammago,9,2625,2230,789,Skinix
895,Dickens Group,Ibuprofen,9,3370,4776,475,Dynabox
205,Carter-Schowalter,Benztropine Mesylate,20,1589,4624,573,Vinder
432,Kulas and Sons,skin elements liquid veil foundation broad spectrum SPF 25,20,4722,3697,922,Youopia
531,Trantow Group,Escitalopram,21,3885,3355,565,Yombu
419,Barton-Graham,Fluvoxamine Maleate,11,4805,1289,506,Dabjam
244,Rutherford Group,Fentanyl,20,3014,3632,230,Riffwire
203,"Bailey, Gislason and Funk",Leader Original Nasal,0,4753,184,672,Blogtags
923,"Ullrich, Von and Deckow",ESIKA,16,2714,1278,408,Blogtags
936,Reichert Inc,Luveris,18,3341,3650,730,Twimm
191,"Ebert, Fahey and Hamill",NU-DERM SYSTEM NORMAL-OILY,14,2860,2758,910,Mita
720,Kuhic LLC,Bonine,23,3908,879,732,Cogibox
303,Wolf and Sons,Aveeno Continuous Protection,2,3943,503,898,Lazz
678,Runolfsson-Goyette,CEPROTIN,14,323,3568,529,Vimbo
455,"Sipes, Steuber and Ankunding",Renes Carbo Special Order,3,3055,1884,585,Tambee
652,Romaguera and Sons,ProFormance Series Foam Non-Alcohol Sanitizer,10,4200,1656,579,Gabspot
170,"Feeney, Kling and Kassulke",Mineral Wear Oh So Radiant Powder,23,4569,2972,578,Meejo
329,Stoltenberg-Adams,CVS PHARMACY,11,654,2918,846,Ntags
285,"Beatty, Zemlak and Strosin",Ketoconazole,0,2838,4295,953,Fanoodle
798,Goldner-Schumm,ESIKA,7,2929,4510,617,Feedspan
488,Schimmel and Sons,Preferred Plus TabTussin DM,21,2109,4401,128,Blogpad
921,Cartwright and Sons,Clonidine,19,2834,356,663,Kwinu
365,Littel and Sons,Antacid Antigas,10,4397,1645,789,Cogibox
858,"Koepp, Block and Fay",Odor Freee,19,3020,4177,471,Eayo
944,"Friesen, Harvey and Lemke",Loratadine and Pseudoephedrine Sulfate,16,3588,4098,436,Topdrive
694,Blanda Inc,hydrocodone bitartrate and acetaminophen,16,1747,364,169,Plambee
364,Kessler and Sons,Candida Albicans Remedy,18,2546,914,133,Plambee
422,Wiegand Group,ARTISTRY IDEAL RADIANCE UV Protect SPF 50 PLUS Broad Spectrum Sunscreen,0,2375,4331,485,Jaxnation
954,Streich LLC,Garnier Skin Renew Daily Moisture Anti Sun Damage,11,4451,4651,646,Jaxworks
260,"Kihn, Renner and Kassulke",Divalproex SodiumDelayed-Release,8,1562,3021,322,Flashpoint
514,"Goodwin, Trantow and Mertz",nitetime cold and flu,3,247,2197,867,InnoZ
586,Stanton LLC,Zicam Cold Remedy Liqui-Loz,10,3823,4442,757,Buzzster
602,"Conroy, D'Amore and McLaughlin",Orajel for Toothache,17,2355,4123,701,Talane
541,Block-Wuckert,RUMEX ACETOSELLA POLLEN,0,1222,4864,436,Meedoo
892,"Konopelski, Conn and Marquardt",Healing Waters Island Nectar Scented Anti-Bacterial Hand Sanitizer,2,519,2591,774,Abatz
104,Cremin-Donnelly,Diazepam,5,3718,1763,516,Fadeo
740,Roberts-Sipes,Temazepam,16,1030,613,392,Thoughtblab
466,Ebert and Sons,oxycodone hydrochloride,6,3443,2940,453,Thoughtbeat
100,"Blick, Schuppe and Terry",Healthy Accents Antacid,2,3865,684,316,Kwideo
671,Hintz and Sons,Dr. Berrys APOTHECARY Neuropathy Therapy,12,647,1922,328,Snaptags
480,"Bechtelar, Lueilwitz and Bartell",Anti-Diarrheal,3,3431,3158,536,Janyx
385,"Mosciski, Strosin and Gutkowski",Publix,20,4033,3342,382,Meevee
969,"Larkin, Schamberger and Bogan",Pleo Alb,14,1659,1079,591,Jatri
537,Halvorson Inc,Levofloxacin,3,2068,1574,376,Topiczoom
484,Abbott-Frami,Triple Antibiotic,19,274,3650,459,Livetube
139,Bartell Group,Acyclovir,21,1796,3166,195,Thoughtbridge
787,Murray Group,Daypro,24,1843,3281,907,Dabshots
200,Stiedemann-Schamberger,Lidocaine Hydrochloride,19,2316,4756,686,Muxo
569,Shields-Torphy,Quinapril HCL and Hydrochlorothiazide,20,1045,727,142,Twitterworks
884,Dare-Schmeler,Focalin,24,968,2378,526,Devshare
418,"Dietrich, Okuneva and Padberg",Edemaforce,1,3935,867,455,Zava
867,Mertz Group,escitalopram oxalate,8,1430,2267,589,Lajo
365,Will-Ankunding,Omeprazole,5,1329,4336,388,Gabspot
869,"Turner, Wintheiser and Keebler",Acyclovir,20,4585,3146,183,Cogibox
266,"Gislason, Kozey and Hilll",Clarifoam EF,17,404,1935,737,Eidel
595,Carroll-Turcotte,Diflucan,23,1734,1764,640,Trilith
392,Mitchell-Torphy,Lotrimin,9,4647,4629,896,Jabbersphere
719,Balistreri Group,Cefprozil,19,1013,1552,668,Demimbu
674,"Stoltenberg, Hoppe and Lind",Desipramine Hydrochloride,2,2876,4256,784,Dabtype
982,"Kertzmann, Schneider and Conn",Mag-Al Plus XS,6,4794,4843,333,Trunyx
478,"Jaskolski, Gerlach and Johns",Syprine,7,2240,3791,308,Avavee
814,Witting LLC,Icy Hot,12,219,2641,722,Photobug
656,Bernier Inc,PERTZYE,14,4460,2129,842,Npath
484,"Kirlin, Wiza and Sanford",XIFAXAN,6,2242,222,622,Skibox
267,Howell and Sons,Leader Medicated Lip Balm,17,617,4546,192,Agimba
262,Leffler and Sons,OXYCODONE AND ACETAMINOPHEN ORAL SOLUTION,1,691,2039,628,Browsecat
163,Gorczany-Abshire,Burweed Marsh Elder,20,1793,103,538,Oyope
667,Aufderhar-Runolfsdottir,nifedipine,24,615,2461,963,Kamba
360,Cole and Sons,"Butalbital, Acetaminophen, and Caffeine",13,1968,4136,179,Lajo
682,"Predovic, Luettgen and Boyer",CORTEF,10,463,2821,302,Meejo
657,Aufderhar-Volkman,CAUSTICUM,24,4840,2582,806,Browsezoom
212,Greenholt LLC,Clobetasol Propionate,15,3875,1672,500,Eazzy
310,"Hickle, Jacobson and Rippin",Diastat,21,2294,527,420,Thoughtmix
441,"Shields, Zemlak and Terry",Methylphenidate HCl Oral Solution,1,3282,1771,609,Twinder
770,Sawayn-Tromp,HELMINTHOSPORIUM SOLANI,19,2239,528,556,Quaxo
924,"Padberg, Welch and Waters",Carbamazepine,2,765,3028,120,Jabbersphere
737,Olson and Sons,Anti-Bacterial Hand,5,3844,4763,215,Eidel
931,Stamm Group,Articaine Hydrochloride and Epinephrine,10,4248,3729,663,Zoonoodle
157,Torp and Sons,KONSYL 100 Percent Natural Psyllium Fiber,19,2371,4794,251,Twitternation
440,Schowalter Group,Atenolol,12,4465,1068,695,Feedspan
849,Senger-Cremin,KETOROLAC TROMETHAMINE,14,3853,1043,451,Mycat
447,Reichert and Sons,Bumetanide,12,199,961,136,Babbleblab
734,Ondricka-Christiansen,ZOOBY,6,1338,1648,261,Feedfish
515,Jacobs-Yost,"Pollens - Grasses, Bahia Grass Paspalum notatum",13,1776,3590,217,Abatz
655,Walsh-Harber,Health,14,1256,4838,965,Jetwire
754,Pfeffer Group,Foaming Antibacterial,19,3320,3997,819,Quaxo
104,Hartmann and Sons,Purminerals 4-in-1 14-Hour Wear Foundation Broad Spectrum SPF 15 (LIGHT TAN),8,1860,939,764,Tagchat
487,Gottlieb-Tromp,Medpride,24,4788,3065,254,Abatz
553,Hoeger Group,Oxygen,13,1602,528,343,Yamia
299,Haag LLC,Ciprofloxacin,20,3204,2489,528,Yamia
900,Jakubowski LLC,Acetaminophen,22,174,2281,704,Topicshots
875,Morissette-Kihn,Pentoxifylline,11,2340,423,365,Skyba
777,Dibbert-VonRueden,Alprazolam,13,1996,2301,301,Yodo
584,Wunsch-Schimmel,Prednisolone Sodium Phosphate,11,2816,246,950,Lazz
663,Labadie LLC,Insecurity,0,1619,3498,204,Leenti
696,Wintheiser and Sons,CHLORZOXAZONE,24,1307,326,626,Feedbug
697,"Dach, Watsica and Watsica",Zolpidem Tartrate,15,2816,388,763,Skiptube
458,Denesik LLC,SKIN CARE,15,153,424,512,Tagcat
641,Rowe LLC,Felodipine,12,2964,1804,454,Edgewire
493,Hintz-Corwin,Equaline night time,4,1355,1127,406,JumpXS
306,"Schuppe, Waelchi and Dietrich",Doxycycline Hyclate,7,2749,1862,763,Chatterpoint
147,Bechtelar and Sons,Warfarin Sodium,17,3889,2983,431,Demizz
891,"Hoppe, Wyman and Durgan",NO-AD 30 Sunscreen,4,1298,1222,750,Pixope
319,Spinka-Jacobi,NEUROSPORA INTERMEDIA,18,162,799,944,Skyble
675,"Kautzer, Boyle and Spencer",Ibuprofen,0,825,939,200,Myworks
530,Ratke Group,Cephalexin,3,4861,2732,243,Meembee
117,Bogan Group,SOLIDAGO CANADENSIS POLLEN,6,3768,1291,284,Skinder
561,Mitchell-Streich,HydroSkin,9,4861,4848,504,Dabjam
580,"Doyle, Turner and Schowalter",Live Better,23,137,2741,513,Innojam
311,Zemlak Inc,Citalopram Hydrobromide,10,3763,620,349,Eamia
725,"Kub, Bailey and Runte",Symmetry Non-Alcohol Foaming Hand Sanitizer with Allantoin and Aloe,19,2078,254,992,Realbuzz
703,Keebler Group,Male Tonicity,15,4262,109,933,Rhycero
883,"Bogan, Huel and Schamberger",Oxygen,19,2734,1719,570,Yakitri
107,"Braun, Christiansen and Schmidt",Fluconazole,17,3564,4951,161,Npath
978,Connelly LLC,nasal,11,3954,2023,888,Brightbean
632,Rippin-Conroy,Levothyroxine Sodium,15,1827,4508,612,Teklist
683,Mayert and Sons,Maximum Strength Sinus Pressure and Pain PE,19,1391,1498,423,Photobean
924,"Wiza, Reichel and Corwin",Olanzapine,20,673,897,428,Jabbersphere
618,Hartmann Group,Topiramate,15,1315,2063,334,Muxo
472,"Wisoky, Lowe and Stoltenberg",Donnatal,23,2890,4342,838,Skajo
494,Hermann-Wyman,Bilboa Capri Sunscreen SPF 15,8,3026,882,864,Gigabox
583,Medhurst Inc,Hydralazine Hydrochloride,15,3192,2106,107,Skinte
410,Davis LLC,SORGHUM HALEPENSE POLLEN,10,918,1840,272,Gigabox
776,Wintheiser-Champlin,Methadone Hydrochloride,20,290,563,540,Fivebridge
466,"Cole, Green and Fisher",TERPENICOL,5,374,964,955,Avavee
970,Purdy-Swift,K CARE,4,507,182,791,Oozz
960,"Cruickshank, Buckridge and Hammes",CLARINS MEN UV Protection SPF 40,14,2022,1553,599,Oyonder
988,Douglas-Bins,Ibuprofen,15,2763,4622,435,Youopia
417,Heaney Group,Atropine Sulfate,7,1669,1151,745,Buzzdog
940,"Jacobson, Brown and Jacobson",Treatment Set TS343826,13,3420,2874,736,Fiveclub
355,"Bartoletti, Shields and Daniel",Sciatica - Nerve Care,6,2731,1099,184,Jatri
333,King-Zulauf,Chaetomium globosum,22,2321,4964,929,Quamba
627,"Spencer, Ebert and Torp","Pollens - Weeds, Dock/Sorrel Mix",13,2578,920,529,Blogpad
119,"Hansen, Wiza and Doyle",CHAMOMILLA,13,3343,1366,554,Skinix
106,Durgan Group,Vyvanse,12,1992,2703,578,Linkbridge
782,Stracke LLC,Stool Softener,14,3536,3735,484,Avaveo
173,Crist-Von,Infants Pain and Fever,18,4062,4714,469,Devshare
515,"Feil, Considine and Schimmel",Stratuscare Antacid and Antigas,3,1138,155,890,Blogtag
266,"Treutel, Nicolas and Bechtelar",Gabapentin,17,3521,3467,910,Brightdog
606,"Kulas, Durgan and Kuhn",Monistat 3 Combination Pack,11,4294,2936,248,Wikibox
822,Rath-Botsford,Warm Sap Patch,13,2817,1801,217,Zoombox
466,"Reichel, Hane and Thompson",Sotalol Hydrochloride,15,4834,867,439,Omba
521,"Auer, Marks and Schmitt",Nasohist,16,3195,1379,700,Vipe
724,Marquardt and Sons,Dexamethasone Sodium Phosphate,0,4210,1072,249,Blogtag
283,"Farrell, Hansen and Nolan",Metaxalone,14,1020,595,925,Zooveo
447,Hermann-Lang,Lisinopril,3,3184,3917,710,Zoombox
268,Grimes-Huels,Neutrogena Healthy Skin Makeup,2,1785,4619,581,Dazzlesphere
504,"Schimmel, Dickens and Grady",Red Mulberry,0,2284,4302,414,Yodo
627,"Goodwin, Kertzmann and MacGyver",Levofloxacin,12,2518,489,187,Thoughtbeat
936,Kertzmann-Goyette,Ofloxacin,18,903,1920,267,Shufflester
844,"Nicolas, Howell and Turner",hCG Formula,23,1685,2051,959,Photobug
403,Becker-Greenholt,ShopKo Absolute Daily Moisturizer SPF15 Sensitive Skin,19,1915,4483,207,Skinte
144,Jenkins-Von,CitraNatal Assure,18,3395,2755,711,Realpoint
884,Barrows-McGlynn,Old Spice,19,2712,3891,994,Devcast
771,Jerde-Murphy,OXYCODONE HYDROCHLORIDE,18,2663,341,361,Fatz
520,Auer Inc,Q-Tapp DM Elixir,21,1349,4656,701,Oodoo
625,Wunsch and Sons,Navy Beans,23,1354,4940,257,Skiba
662,Lesch-Murray,Lansoprazole,4,2251,2182,922,Jayo
404,Robel-Dibbert,Hydrochlorothiazide,22,2458,3366,610,Quatz
593,Heaney-Dare,ibuprofen,7,3088,1686,352,Digitube
747,"Zemlak, Kreiger and Weber",Oxycodone Hydrochloride,15,2561,4343,979,Pixonyx
264,Wuckert-Jenkins,Banophen,2,4074,784,473,Zoozzy
939,Smitham-Littel,CHLORALUM,10,3031,2292,329,Skinder
452,Brown-Marquardt,Severe Daytime,18,4154,1440,557,Dynabox
799,"Flatley, Fritsch and Marks",Allspice,6,3372,1125,552,Wikizz
816,Daniel-Bogan,DHC Hand,9,3735,2030,647,BlogXS
429,Wisozk and Sons,Good Sense Nighttime Cough,14,4854,4474,617,Skajo
402,"Schneider, Harris and Shanahan",Tetracycline Hydrochloride,9,3354,3501,701,Twimbo
977,"Dickens, O'Reilly and Sporer",Enalapril Maleate,22,4353,684,537,Agimba
883,"Swaniawski, Kunde and Hand",Micro-K 10 Extencaps,12,3701,2820,141,Thoughtstorm
1000,"Gibson, Hettinger and Abshire",Ferrum 8 Special Order,22,111,3341,321,Babbleopia
108,Rodriguez Group,Celexa,4,4029,4681,480,Feedfire
633,Prohaska and Sons,Rimmel London,16,4451,3930,236,Twinte
109,"Howe, Gorczany and Considine",Advanced Petrolatum,20,492,1243,608,Blogspan
524,Sipes and Sons,Bromday,9,1495,407,793,Thoughtmix
314,Blick Group,Benazepril hydrochloride and hydrochlorothiazide,22,1068,1876,526,Janyx
356,Johns-Hintz,rifampin,2,413,3378,484,Meedoo
750,Ebert-Kozey,Motion Relief - Less Drowsy Formula,16,186,3733,235,Oyonder
393,Bartoletti Group,Cefadroxil,20,4248,1480,880,Bluejam
681,Bernhard-Douglas,levalbuterol hydrochloride,3,4062,830,890,Dabjam
711,"Jones, Bogisich and Hahn",Flexall Pain Relieving,18,817,2430,104,Thoughtmix
150,Carter-Legros,Liver comp. Special Order,19,4568,2551,585,Gigazoom
250,"Schuppe, Wilkinson and Wiza",Acyclovir,6,3772,840,890,Mita
698,"Gulgowski, Collins and Keebler",Ultiva,17,3567,130,950,Omba
647,Christiansen-Davis,Motion Sickness Relief,15,413,2664,214,Tazz
707,"Lakin, Kemmer and Konopelski",Vicks DayQuil,8,3991,679,755,Skimia
423,Shields-Moen,Benazepril Hydrochloride and Hydrochlorothiazide,11,1160,3980,582,Aimbo
234,"Nicolas, Monahan and Ernser",Nitrogen,10,1512,2049,336,Mybuzz
364,"West, Wuckert and Schumm",Gemfibrozil,11,4990,4335,983,Meedoo
540,Berge Inc,Lorazepam,17,948,4262,285,Brainbox
109,"Osinski, McDermott and Little",DRY SORE THROAT,3,2050,1623,601,Zooxo
253,"Ortiz, Pouros and Leannon",Body,14,4943,382,368,Quatz
706,Abshire LLC,American Sycamore,22,3812,2069,951,Twimbo
789,"Pfannerstill, Schiller and Bradtke",American Elm,22,1267,4636,901,Linkbuzz
141,Armstrong and Sons,Ciprofloxacin,8,3895,2073,126,Divape
460,Ernser-Kozey,Infants Ibuprofen,3,3753,278,312,Devcast
533,Pouros Group,Pleo Muc,24,1002,4993,693,Nlounge
401,Mante and Sons,Fluoxetine Hydrochloride,4,2986,152,641,Oyonder
984,Nicolas-McClure,Diflucan,22,158,1092,621,Mynte
935,Wisozk-Runolfsson,ALREX,17,4141,2848,361,Jaxnation
984,Hoppe-Goldner,Lisinopril and Hydrochlorothiazide,12,4478,4614,832,Youopia
308,Runolfsson-Marvin,Fentanyl,4,1730,942,321,Youspan
528,Cronin-Legros,AFRICAN SEA-COCONUT,2,4168,3057,150,Agivu
895,"Littel, Gaylord and Hilpert",THE ORIGINAL NATURAL HERB COUGH DROPS,17,1296,4071,334,Mymm
195,Anderson and Sons,Simply Right clearLAX,23,2119,4093,899,Dynazzy
172,Collier-Becker,Diaper Rash Balm,10,3407,4856,473,Zoonoodle
935,Stamm and Sons,Childrens QPAP,1,3197,770,610,Roombo
820,Mraz LLC,DIGOX,10,3782,2359,761,Browsezoom
966,Jacobson Inc,Caraway Seed,10,4031,4022,622,Katz
184,"Gutkowski, Kilback and Grady",Cefadroxil,0,3821,898,903,Gigashots
279,Reilly LLC,Chemtox,7,2730,2542,884,Yodoo
644,Gerlach-Christiansen,Linkus Lozenges,24,2616,4738,275,Agivu
637,Gottlieb Group,Stressa Back and Neck Pain Relieving,8,4025,2493,381,Chatterpoint
769,Koepp-Kirlin,Cyclosporine,5,3648,2386,955,Oyonder
849,"Schiller, Stanton and Will",Brevibloc,3,1539,2294,275,Miboo
547,Wiza Inc,Triazolam,3,4579,4740,140,Miboo
348,Hermann Group,Pyrrole,17,3419,801,270,Skyble
770,Nienow LLC,CAUSTICUM,14,4056,3377,159,Thoughtbeat
531,Pouros-Thompson,Bur Oak,7,1930,2330,541,Roomm
180,"Kihn, Beier and Streich",ATORVASTATIN CALCIUM,1,457,1569,693,Babbleset
852,Spencer Inc,Oticin,5,1758,2045,821,Einti
188,Gislason-Rohan,METHOCARBAMOL,21,4370,2752,872,Voomm
353,Leffler-Bechtelar,Childrens Acetaminophen,16,1240,1596,602,Yakidoo
275,Hermiston-Connelly,Ceftazidime,23,637,1640,566,Wikizz
209,Rogahn LLC,Carvedilol,17,400,3477,597,Twitterlist
441,Ryan-McGlynn,VAPOREX,22,3617,1035,470,Katz
393,"Bode, Hand and Pollich",MECLIZINE HYDROCHLORIDE,22,2585,621,678,Edgeify
741,Paucek-D'Amore,Neova DNA Damage Control - Everyday,1,2045,4536,106,Wordpedia
980,"Jerde, Sipes and Kautzer",Olanzapine and Fluoxetine,9,4778,3941,210,Fivechat
390,"Marvin, Padberg and Swaniawski",Amoxicillin and Clavulanate Potassium,10,2063,1724,511,Kaymbo
454,Schumm-Gleason,Topiramate,12,2191,3436,555,Devify
833,"Gottlieb, Crona and Purdy",EGF Premium Whitening Milk,1,2183,2887,241,Voonyx
479,McLaughlin-Leannon,Savella,8,4214,1393,668,Realblab
100,Roob and Sons,KAISER PERMANENTE,14,2854,1205,189,Oyoloo
988,"Kessler, Huels and Olson",Acetone Alcohol,10,202,479,990,Eadel
125,"Lockman, Tromp and Schmidt",Amlodipine Besylate,0,2689,1440,244,Dabjam
249,Klocko-Graham,Ibuprofen,17,4128,644,714,Browseblab
745,"Kerluke, Hirthe and Casper",Triadine Whirlpool,9,613,490,697,Kazu
160,Larkin LLC,JANUVIA,17,1498,260,723,Skimia
303,"Botsford, Pagac and Christiansen",Treatment Set TS128873,8,3904,4181,999,Bubbletube
984,Adams-Jacobi,Tacrolimus,9,4862,1549,803,Skivee
347,Wiza-Heidenreich,Triticum Cerebri,4,4190,2119,307,Tagcat
835,Ledner LLC,3 CONCEPT EYES SLIM FIT PACT SOFT BEIGE,7,4011,364,316,Edgeify
727,Spencer Group,Carvedilol,23,4578,1217,415,Ooba
723,Wintheiser and Sons,bareMinerals READY Touch Up Veil Broad Spectrum SPF 15,7,4580,3338,282,Meedoo
192,Herzog Group,Up and Up Mucus Relief,4,3223,4469,291,Kwilith
183,"Haley, Gerhold and Jacobs",Reef Safe SPF 30,0,1745,2905,196,Camimbo
466,Murphy Group,Rouge Dior 760 Raspberry Serum,18,4412,934,798,Aivee
475,"Grimes, Gerlach and Harvey",Oxytocin,19,341,3564,518,Devpoint
698,Emmerich LLC,Aspirin,6,941,3749,155,Rhyloo
795,Bergnaum LLC,Theraflu,21,3557,3335,296,Kwinu
317,"Ziemann, Conroy and Halvorson",Good Sense dayhist allergy,18,3801,1678,537,Yodo
522,Willms-Heidenreich,Immune Support System,23,775,2633,204,Oyoloo
780,"Schmidt, Upton and Abernathy",ADSOL Red Cell Preservation Solution System in Plastic Container (PL 146 Plastic),15,4465,1297,843,Skidoo
927,"Feeney, Heidenreich and Breitenberg",MESNEX,9,1298,3548,200,Mydeo
572,Krajcik LLC,IBUPROFEN,17,989,3080,925,Twitterworks
804,Bruen Group,Allergy and Hay Fever,8,4777,4411,383,Plajo
297,"Bruen, Klocko and Bashirian",Neutrogena Healthy Skin Enhancer,13,1751,3789,239,Myworks
738,Hickle Inc,IFOSFAMIDE,22,645,1542,778,Eire
100,Barrows-Raynor,Sprayology PMS Support,10,4405,2057,897,Browseblab
277,Eichmann LLC,Hello,22,2093,4811,350,Rooxo
558,"Carter, Jacobs and Kub",Metoprolol Tartrate,24,4679,1766,845,Kwimbee
669,"Torp, Mueller and Williamson",PINUS ECHINATA POLLEN,5,3505,2711,572,Flashdog
440,"Von, Abbott and Feest",Famotidine,12,755,1235,636,Jetwire
940,Brown-Kovacek,BioFerr 90,23,1752,308,589,Kwinu
642,Gleason-Gerlach,Atropine Sulfate,8,4894,4249,684,Jaloo
423,Grimes Group,Bupropion Hydrochloride,20,2055,4885,494,Tagpad
844,"Bode, D'Amore and Douglas",Heparin Sodium,7,1044,3711,378,Skilith
172,Parker-Price,Bumetanide,5,2431,1857,730,Dabjam
275,Altenwerth Inc,Argentum 8 Special Order,20,3043,1517,289,Skidoo
300,Erdman-Leffler,FORTAMET,19,3499,1903,301,Skaboo
809,Towne-Armstrong,daytime,9,3452,1116,736,Rhyloo
212,Hane-Carroll,KLOR-CON,5,3513,854,684,Agimba
998,Hagenes LLC,MECLIZINE HYDROCHLORIDE,18,3440,4539,811,Edgetag
526,Zieme-McCullough,METFORMIN HYDROCHLORIDE,12,1050,459,277,Twimbo
195,"Sanford, Weber and Haley",ESIKA Extreme Moisturizing SPF 16,22,131,2385,726,Cogibox
312,Wunsch Group,Bupropion Hydrochloride,22,3389,4756,966,Feedbug
218,Auer LLC,topiramate,23,4633,4080,157,Photospace
501,Lockman Inc,Bio Iodine,0,1873,2318,738,Fiveclub
643,"Mraz, Collier and Cronin",Tussin Cough Long Acting,20,2360,4081,376,Centidel
495,Kovacek LLC,Publix,12,3805,4472,837,Camido
699,Wuckert Inc,Intestinal Distress,18,4472,391,525,Demivee
228,"Mohr, Crona and Bins",Ramipril,4,4504,3946,287,Vidoo
477,Hamill-Wisozk,Thiamine,15,3839,1236,175,Tambee
799,Herman-Bartoletti,Hepar Magnesium 6 Special Order,6,3452,3054,171,Zoozzy
488,Mueller LLC,Dextrose,0,4508,3717,185,Feedfire
442,Mayer Group,Gemcitabine hydrochloride,18,252,1393,958,Yakitri
442,O'Conner-Wisoky,Septaforce,21,3456,2032,898,Gigaclub
552,Satterfield-Marquardt,Childrens Cetirizine Hydrochloride,11,4237,1545,331,Twitterbridge
942,Cruickshank Inc,OXYGEN,4,1749,960,503,Twitterbridge
729,Schoen and Sons,Brintellix,15,1491,2193,672,Yacero
690,White-Ankunding,GOLDKIWI SUN,23,478,4715,221,Yambee
621,Conn Group,PNEUMOVAX 23,12,1201,382,220,Zava
126,"Rutherford, Cummings and Rogahn",Diclofenac Potassium,18,2930,2315,521,Topicware
967,Breitenberg-Cronin,Russian Olive,8,618,2160,616,Topicblab
841,Donnelly-Corkery,Lamotrigine,10,2774,3490,203,Youopia
769,Dooley-Simonis,Despec,19,2821,4780,454,Katz
272,"Kilback, Cremin and Kautzer",GLIMEPIRIDE,10,2448,4789,176,Jayo
787,"Tromp, Morissette and Jones",Polymyxin B,18,2028,167,576,Kaymbo
389,"Koepp, Kozey and Roob",Venlafaxine,7,2753,1428,427,Vitz
937,"Will, Watsica and Rowe",Epiphysis 8,1,835,1817,295,Cogibox
927,Casper-Grady,MMA Elite Pain Relief,13,370,2346,283,Quinu
919,"Senger, Greenfelder and Farrell",Hongo Killer,21,1447,3442,179,Youspan
607,"Senger, Bartell and Wolff",Hydrochlorothiazide,8,2646,111,619,Meeveo
279,"King, Beatty and Abernathy",CENTER-AL - ACER NEGUNDO POLLEN,8,3568,665,648,Brainverse
250,Beier Inc,Trichoderma harzianam,3,1864,208,849,Eadel
229,"Leffler, Botsford and Jerde",Junior Aspirin Free Rapid Tabs,21,3957,4251,757,Zoozzy
581,Kuhn Inc,No7 Protect and Perfect Foundation Sunscreen Broad Spectrum SPF 15 Cool Beige,19,1651,2867,241,Jabbersphere
765,"Grant, Barton and Watsica",Hydrocortisone Maximum Strength with Aloe,20,382,1504,945,Oba
935,"Hamill, Predovic and Kirlin",AFCO 5512,3,4019,1728,481,Skyba
925,Halvorson-West,Isuprel,24,1878,138,725,Feednation
507,Hirthe-Zieme,Baclofen,13,1291,1731,898,Avamm
408,"Crist, Wisoky and Hegmann",NARS PURE RADIANT TINTED MOISTURIZER,3,4404,4419,830,Topiclounge
271,Lesch-Wilderman,Clearskin Professional,23,4675,2412,175,Livetube
548,Wolff-Nolan,Obagi 360 HydraFactor Moisturizing Broad Spectrum SPF 30,20,2365,4131,855,Gigashots
502,Lowe-Mills,fluvoxamine maleate,3,2774,4584,865,Photobug
517,Lind LLC,Promethazine Hydrochloride,15,223,1797,194,Browseblab
367,"Kilback, Lindgren and Shanahan",ACME Small Cuts and Burns,13,2460,3526,294,Browsebug
202,Tremblay-Kautzer,Multi-Symptom Nighttime Cold,23,897,890,666,Wordtune
560,Gulgowski Inc,Naproxen,14,169,724,190,Jamia
439,Eichmann Inc,Relief Towelette,14,2635,1642,564,Teklist
964,Schumm Group,ABILIFY MAINTENA,14,1953,1494,213,Skiptube
813,Huels Inc,Rimmel London,2,1898,2567,904,Centimia
121,Williamson and Sons,AVALIDE,1,2304,630,367,Dynabox
871,Franecki Group,PURE SHEER,1,1971,1878,236,Kwilith
657,Howell LLC,Paroxetine,0,4400,2198,865,Voomm
248,Koch-O'Hara,Antacid,7,4369,510,857,Wikizz
860,"Emmerich, Abshire and Baumbach",CENTER-AL - AMBROSIA ACANTHICARPA POLLEN,11,826,1271,323,Zoomcast
447,Goyette-Schiller,Metoprolol Succinate,23,4196,4477,579,Skivee
869,"Schmidt, D'Amore and Rosenbaum",Hydroxyzine Hydrochloride,24,501,4751,667,Meedoo
716,Champlin and Sons,cisatracurium besylate,19,2591,729,377,Quatz
528,Leffler-Sipes,SENSODYNE,5,4504,2777,652,Jabbersphere
507,"Bashirian, Anderson and Buckridge",Anti-Bac Concentrate,19,2642,2516,153,Rhycero
346,"Kihn, Kemmer and Willms",Chlorpheniramine Maleate,3,3254,4636,370,Linkbuzz
415,Bernhard-Ankunding,oxycodone hydrochloride,18,1950,967,853,Shufflester
380,Mitchell Group,PRAMIPEXOLE DIHYDROCHLORIDE,1,2822,3287,589,Kare
915,Lesch LLC,Trulicity,14,3928,2014,558,Mybuzz
662,"McKenzie, Reinger and Predovic",EAD,11,1315,2781,828,Vidoo
332,Kunde Inc,Pilocarpine Hydrochloride,5,1543,1589,534,Eabox
180,Bode LLC,Olay Total Effects CC Tone Correcting,13,4418,412,366,Babblestorm
148,"Stracke, Hermann and Lakin",Desmopressin Acetate,20,1169,1192,367,Edgeblab
259,Homenick-Olson,Whoo Gongjinhyang Seol Whitening Jin Essence,8,4194,3839,237,Quatz
967,Cremin-Altenwerth,Ponds,17,544,2021,410,Demimbu
373,"Howell, Dach and Murphy",ATOMY MINERAL PACT,10,1906,576,338,Pixope
516,Blick-Crist,Badger SPF 35 Sport Sunscreen Cream,5,500,4281,131,Shufflebeat
954,Lakin-Turner,Crest Pro-Health For Me,10,2021,2940,334,Yata
207,Miller-Torphy,Celery,2,2315,3758,877,Eamia
508,Kshlerin-Rutherford,Peditrace,17,3303,4146,813,Yamia
992,Sauer LLC,Ketoprofen,7,3208,1390,452,Kamba
416,Windler and Sons,Cefotetan,14,4346,4764,552,Babbleset
996,Strosin-Hammes,Bio Aspen,13,2808,780,509,Edgepulse
181,"Sanford, Crooks and Nitzsche",Rite Aid Dandruff,1,4639,1626,335,Topicshots
544,White-Botsford,Conjunct-a-Clear,12,2448,921,915,Rhyloo
950,Batz Group,Dove,22,2132,547,854,Browsetype
663,"Jaskolski, Hickle and Bosco",Sodium Sulfacetamide,14,794,307,657,Jaxworks
892,Collins-Prohaska,Antibac Foam Wash,9,1565,162,210,Devcast
400,Cormier-Murazik,Oxymorphone hydrochloride,23,1240,3761,218,Ntag
688,Jones Group,Obao Men Active,11,2693,3736,802,Blogtags
186,Schmeler Inc,Nystatin,5,3790,3782,668,Quaxo
649,"Bauch, Koss and Schoen",Ibuprofen and Diphenhydramine Citrate,2,1298,461,146,Mydo
208,Raynor LLC,Mirtazapine,13,1062,840,880,Youbridge
660,"Legros, Ratke and Walker",SINGULAIR,24,1480,3360,876,Katz
726,Gerhold LLC,Country Gent,6,4872,3551,816,Oodoo
227,Roberts Inc,Brintellix,0,2330,3131,595,Zoomcast
328,"Considine, Bins and Christiansen",Levetiracetam,2,4601,2488,659,Yombu
483,"Spinka, Brakus and Rempel",Buspirone HCl,17,2016,102,491,Topicshots
654,Zulauf-Okuneva,headache pm,0,4255,4832,118,Voomm
110,Green-Beier,Octagam Immune Globulin (Human),15,174,3352,338,Jabbercube
330,Gislason-Schultz,Amar Ice,24,270,3263,667,Flashpoint
437,Hilll Group,Montelukast Sodium,2,4736,2268,784,Rhynoodle
438,Nienow LLC,PROMETHAZINE HYDROCHLORIDE,4,509,2510,905,Bubbletube
216,Osinski Group,Turkey,13,4852,1120,843,Babbleopia
264,Senger LLC,Meclizine HCl,8,4962,4541,290,Riffpedia
300,Kunze and Sons,Vicodin ES,12,3193,4380,739,Jetpulse
760,"Johnston, Graham and Maggio",Incivek,14,1296,2771,425,Trunyx
652,Schroeder Group,Bite Beauty,23,2112,2076,107,Wikibox
513,Schroeder-Boehm,EpiSoft,5,4903,2884,482,Trilith
131,"Harber, Hoppe and Funk",Strovite Forte,6,646,4124,383,Realbuzz
241,"Macejkovic, Kautzer and Wiegand",Soft Care Neutra Germ Antibacterial,9,1460,3077,965,Jayo
135,"Mann, Zboncak and Ebert",Hydrocortisone,12,389,398,550,Jayo
572,"Willms, Harris and Dooley","Pollens - Grasses, Johnson Grass Sorghum halepense",17,1985,3171,914,Bluezoom
596,"Lesch, Weber and Will",Motion Sickness Relief,10,1534,3572,478,Wikivu
311,Feest and Sons,PLATANUS OCCIDENTALIS POLLEN,12,2057,1338,944,Gigaclub
319,Parisian Inc,NO-AD Dark Tanning SPF 4,10,2070,2164,229,Browsezoom
401,"Rosenbaum, Littel and Hintz",DERMA GRAN,18,3938,691,555,Edgewire
476,Zulauf and Sons,Diphenhydramine,24,2736,1905,245,Dynava
320,Skiles-Pagac,Arnica,16,4005,3002,761,Edgeblab
823,Veum and Sons,Mosquito,14,1394,3957,166,Tavu
235,Hackett-Schuppe,KLEENEX Antibacterial Skin Cleanser,20,3050,794,781,Topiczoom
915,Zboncak-Bashirian,Gentle and Effective Laxative,10,3331,4552,262,Aimbo
983,"Thompson, Rau and Bruen","Mineral Oil, Petrolatum and Phenylephrine HCl",23,347,1692,678,Ntag
485,Williamson Inc,ibuprofen,0,2156,2446,581,Quinu
957,Bartoletti LLC,"Carisoprodol, Aspirin and Codeine Phosphate",22,2933,3955,550,Ozu
260,Walsh-MacGyver,Medicated Pain,18,1852,4634,750,Thoughtbeat
755,Hintz Inc,Scott Antiseptic Skin Cleanser,23,3277,2117,412,Yodel
948,Strosin Inc,Risperidone,8,3020,2380,374,Jetpulse
645,Baumbach and Sons,Y-age AEON,13,204,1683,852,Flashspan
462,Okuneva-Bailey,Neutrogena Shine Control Makeup,19,4397,2682,673,Lazz
521,O'Kon Group,Atenolol,17,4844,3977,376,Kanoodle
934,"Rohan, Collins and Dach",Piperacillin and Tazobactam,10,2301,4861,735,Jamia
211,Volkman-Funk,Freds Astringent Rdeness Reliever Eye,13,1598,2879,103,Tekfly
459,"Larson, Bogisich and Metz",ibuprofen,1,369,1529,816,Shufflester
704,"Bode, Leuschke and Sanford",Neutrogena Age Defense Anti Oxidant Daily Moisturizer,23,4460,391,344,Vimbo
311,"Bins, Prosacco and Cartwright",Naloxone Hydrochloride,7,1909,3235,656,Zoomdog
755,"Stoltenberg, Kozey and Ferry",DawnMist Antiperspirant and Deodorant,6,3351,4312,354,Layo
514,Donnelly-Wolf,Levitra,23,4690,4115,300,Dablist
823,"Heidenreich, Bosco and Kunde",Metformin Hydrochloride,17,1930,3841,893,Zoonder
546,"Leffler, Terry and Pfannerstill",Clonidine Hydrochloride,3,2222,2219,678,Kamba
136,Senger-Nikolaus,Amazing Grace Antiperspirant and Deodorant,23,4607,4731,953,Innotype
507,"Kerluke, Ledner and Upton",CYPROHEPTADINE HYDROCHLORIDE,17,2285,3215,114,Dabtype
217,Hodkiewicz-Goldner,mycophenolate mofetil,19,1311,3263,708,Yodo
352,"Barrows, Heller and Gleichner",PROPAFENONE HYDROCHLORIDE,6,1620,2371,665,Ozu
642,"Skiles, Green and Waelchi",NARS Pure Radiant Tinted Moisturizer,7,2359,4506,881,Edgewire
370,"Bechtelar, Heaney and Huels",Olay Fresh Effects Soak Up the Sun Protection,19,5000,3795,432,Abatz
395,"Blanda, Kuphal and Aufderhar",NEXIUM,16,3556,4980,635,Jabbertype
272,"Rogahn, Pollich and Hintz",Ultram,5,4787,2549,980,Vinder
494,Kertzmann Group,KINESYS,1,3845,710,317,Skibox
711,Roob and Sons,Glycerin,19,3014,3116,582,Chatterbridge
525,King Group,MULTI PERFECTION SPECIAL EFFECTOR,21,3663,4983,124,Kaymbo
991,Beatty-Lynch,Treatment Set TS332344,0,747,3522,173,Dynazzy
511,"Schultz, Kutch and Friesen",California Valley White Oak,18,3158,1726,652,Skiba
584,Dickens and Sons,RHODOTORULA RUBRA,14,2990,2800,548,JumpXS
168,Gibson LLC,Acetylcysteine,18,815,1039,889,Skimia
771,Donnelly and Sons,TOXICODENDRON PUBESCENS LEAF,6,837,4494,794,Aimbo
458,Dooley Inc,Flawless Finish Dual Perfection Makeup SPF 8 Cream,17,1907,3683,459,Ooba
211,Ledner-Kuhic,Atripla,0,2706,1733,382,Riffpath
871,"Morar, Reinger and Pacocha",Acne Solution,5,4706,4402,659,Aimbo
219,Cummings Group,Methenamine Hippurate,10,3734,4746,398,Bubblebox
345,"Heathcote, Connelly and Pfeffer",Coppertone kids,21,1668,2578,718,Divanoodle
894,Dickens-Rogahn,Fresh Up Antiseptic Hand,11,337,684,360,Wikivu
282,Glover-Moen,Isopropyl alcohol,5,1714,1732,855,Youspan
957,"Renner, Kunde and Walter",Donepezil Hydrochloride,12,468,4156,342,Nlounge
677,Schuster Inc,Sumatriptan Succinate,21,4776,591,540,Skiba
398,"Funk, Wiza and Corwin",Oil Control,8,1205,3856,325,Voomm
902,Smith LLC,Fluocinolone Acetonide,3,2217,783,304,Plajo
111,Berge-Harris,DIGESTION RELIEF,14,4677,3390,113,Skinte
485,Jerde-Gleichner,Tamsulosin Hydrochloride,6,1970,4527,646,InnoZ
190,Schimmel-Greenfelder,Diazepam,0,3479,2055,669,Wordpedia
248,Stoltenberg-Jerde,Pyridostigmine Bromide,20,4444,4403,544,Aibox
129,Kirlin-Upton,APAP,14,2683,2988,674,Youtags
985,"Okuneva, Marvin and Wiegand",Lunesta,17,2574,1185,187,Skyndu
794,Pollich-Cummerata,PHENDIMETRAZINE TARTRATE,3,2423,428,494,Eimbee
432,Mertz LLC,Triamcinolone Acetonide,18,3771,4793,272,Skinte
664,"Lind, Spinka and Kuvalis",Risperidone,6,1547,3385,291,Jayo
978,"Franecki, Swaniawski and Olson",Dental Care Advance Cleaning,1,278,121,651,Devbug
154,Homenick and Sons,Laura mercier Tinted Moisturizer SPF-20 Nude,16,538,2407,120,Midel
117,Brakus-Rath,Degree,0,1415,1382,888,Kwilith
685,Schneider Group,Copper Oxide 0.4,19,3081,2075,823,Pixonyx
933,"Erdman, Marks and Jast",Promethazine Hydrochloride,7,3060,2365,224,Kwimbee
470,"Gibson, Kub and Wilderman",Lamotrigine,6,2935,151,872,Yadel
992,Schmitt Group,Mucinex Sinus-Max,15,1450,723,884,Meezzy
693,"Friesen, Smith and Schinner",Goldenrod,14,4837,1793,766,Brightdog
633,Legros Inc,Harmon Face Values Daily Facial,3,3486,2004,336,Kare
567,Cummings and Sons,Carbidopa and Levodopa,0,2077,2407,432,Dabtype
341,Hickle-Emard,Differin,7,982,994,882,Agimba
518,O'Keefe LLC,Benazepril Hydrochloride and Hydrochlorothiazide,2,4228,2063,850,Aimbu
254,Wolff-Senger,Ofloxacin,3,3322,1107,272,Oyondu
905,Schaden Group,Naproxen,20,4525,2456,689,Wikido
694,Treutel-Yost,Dandelion,22,3372,3243,586,Gevee
646,"Rodriguez, Ankunding and Hegmann",Good Neighbor Pharmacy Allergy,24,2154,3025,693,Oloo
490,"Lesch, Torphy and Smith",Air,5,3373,731,879,Wordify
334,Schmitt and Sons,Tylenol PM,4,1710,505,759,Skidoo
881,Jacobs LLC,triamcinolone acetonide,18,3069,2803,966,Zazio
735,Altenwerth-Davis,Ampicillin and Sulbactam,18,2830,1022,283,Yodoo
375,Schumm LLC,APLENZIN,13,4453,4315,507,Tagtune
163,"Keebler, Crooks and O'Keefe",NEUPOGEN,7,2535,1016,615,Oba
706,O'Connell-Cruickshank,Tusslin,17,1709,1235,643,Layo
469,Murphy and Sons,OXYMETAZOLINE HYDROCHLORIDE,11,2333,3767,969,Voolia
167,"Purdy, Lubowitz and Hane",Cromolyn Sodium,8,1086,525,272,Quinu
453,Hintz-Walter,Gabapentin,9,4157,1354,423,Oyoyo
424,"Schuppe, Sipes and Doyle",Exuviance CoverBlend Concealing Treatment Makeup,11,3097,4737,194,Jabbersphere
340,"Schroeder, Kuhn and Toy",PROCHLORPERAZINE MALEATE,22,2194,2720,973,Jabberstorm
954,Wolff Inc,ENALAPRIL MALEATE,18,961,431,129,Tambee
432,"Tremblay, O'Hara and MacGyver",ONDANSETRON HYDROCHLORIDE,4,1065,3763,969,BlogXS
979,Runte-Stamm,Pure Finish Mineral Tinted Moisturizer SPF 15 Medium,11,182,1615,898,Flipstorm
741,Beer-Smitham,LOreal Paris Sublime Sun,19,3483,577,932,Zoomzone
482,Schneider LLC,Pike,0,996,4330,280,Skimia
335,"Lesch, Wyman and Williamson",ABILIFY,20,3920,4394,840,Trudoo
596,Leffler LLC,Gentamicin Sulfate,19,2231,3931,297,Oyondu
525,"Vandervort, Cremin and Klein",Proparacaine Hydrochloride,14,2892,2974,989,Flipopia
140,Hilll LLC,Blistex,4,1964,693,420,Buzzdog
131,Bayer and Sons,METOPROLOL TARTRATE,7,4468,1538,801,Divavu
508,Braun and Sons,Hygienic Cleansing Pads,10,1611,2253,574,Edgewire
611,"Connelly, Hamill and Tremblay",Daytime Cough And Cold,8,4397,1050,618,Voonix
574,Kihn-Will,Alprazolam,11,1015,3727,882,Tagfeed
770,Schuppe-Kulas,Oxygen,13,1358,312,142,Gabcube
201,Goodwin-Moore,Prednisone,17,2345,4864,976,Vidoo
206,Abshire-Ullrich,Snow Skin Sunscreen Lip Balm,12,3203,3828,600,Chatterbridge
877,Walsh-Stanton,ORCHID SECRET,1,1408,528,561,Mynte
816,Welch LLC,Analgesic Creme Rub,13,2331,3535,456,Ntags
773,Spinka Group,Instant Hand Sanitizer Vanilla Noel,12,4594,254,778,Browsecat
881,West Inc,VIRTUAL MATTE,9,850,1854,471,Babbleopia
832,Sporer-Romaguera,Sinusin,17,3703,3385,128,LiveZ
440,"Emard, Bernier and Waters",Cimetidine,21,4461,773,331,Quire
535,"Murphy, Williamson and Borer",Mederma PM,20,4013,1730,847,Katz
521,"Weimann, Braun and Mante",Finacea,15,4031,3266,353,Bubbletube
231,"Schultz, Wuckert and Lockman",Methergine,10,2744,2367,337,Voonder
733,Fritsch-Brown,Voltaren,16,589,821,368,Quinu
511,Mann and Sons,Hepar Sulphuris Calcareum 30c,22,2833,2403,113,Quaxo
721,"Boehm, Emmerich and Brekke",Piroxicam,21,1766,3220,860,Shuffletag
991,Graham and Sons,CEFPROZIL,16,272,798,733,Fanoodle
728,Beatty LLC,Pure Cashmere Skin Defense Makeup SPF 15,15,2825,414,553,Zoomzone
166,"Brakus, Funk and Stiedemann",PR Natal 400,20,4675,822,271,Jayo
484,"Little, Tromp and Wilkinson",good neighbor pharmacy eye itch relief,0,4551,3555,711,Kayveo
998,Reynolds-Pacocha,Methylprednisolone,21,2804,4803,895,JumpXS
214,"Kerluke, Eichmann and Moen",Leader Medicated,18,4900,648,713,Browsetype
960,Block-Nienow,MYNEPHROCAPS,4,2801,3207,393,Thoughtsphere
625,Schulist-Toy,acetaminophen,2,2421,3570,204,Podcat
253,Steuber Group,RUE21 Posh Antibacterial Hand Sanitizer,10,2969,848,799,Cogibox
540,Haag-Schinner,Epicoccum nigrum,3,4681,4311,535,Eadel
951,"Bechtelar, Ritchie and Waelchi",ISENTRESS,9,295,1785,665,Feedspan
612,Cremin Inc,Sulwhasoo Lumitouch Base,8,385,531,286,Cogibox
500,Conroy-Langworth,Glyburide,5,2209,4551,890,Kimia
149,Medhurst Inc,ICV Toxi Formula,6,1606,603,293,Aivee
921,Sawayn Inc,Bronkids,5,4352,3404,859,Yakitri
544,O'Connell-Wilkinson,Le Velvet Film Makeup Refill,10,4980,271,277,Vinder
459,"Cremin, Feeney and Fisher",Pulmo 8,10,666,4041,594,Roombo
943,Padberg-Schneider,Valium,9,1334,1644,415,Omba
650,"Maggio, Cartwright and Nikolaus",Neutrogena Healthy Skin Makeup,8,921,3591,995,Yoveo
699,"Schamberger, Sporer and Bartell",Acyclovir,9,1072,1343,908,Linkbuzz
445,"Leuschke, Johnson and Streich",SHOPKO TRIPLE ANTIBIOTIC,12,4507,712,432,Minyx
580,Oberbrunner-Hammes,Mamonde Total,1,3983,2459,135,Plajo
883,Torphy Group,DiorSkin Nude 030 Medium Beige,18,3833,2206,455,Skibox
427,"Hills, Lubowitz and Lehner",Duloxetine,21,4126,3973,782,Dynabox
455,Ferry-Kassulke,Morcin,19,377,3826,595,Realcube
669,Hills-Rempel,Sodium Chloride,7,2266,400,793,Eimbee
885,Bins-Lindgren,Caffeine Citrate,21,3179,1765,931,Jamia
468,"Adams, Kulas and Harvey",Ketorolac Tromethamine,11,2505,499,888,Twinder
349,Homenick-King,Divalproex Sodium,8,1647,1565,109,Brainbox
263,"Rolfson, Mitchell and VonRueden",PANTOPRAZOLE SODIUM,23,4956,2375,313,Flashdog
795,Hyatt-Muller,headache pm,11,4891,698,843,Twinte
772,"Rohan, King and Carroll",Diflorasone Diacetate,0,1369,2705,741,Wikibox
528,"Huel, Rowe and D'Amore",Care One Pain Relief,16,4033,1279,948,Gigaclub
304,"Klein, Maggio and O'Reilly",NEXIUM,0,2837,205,288,Quatz
481,Flatley-Cole,Divalproex Sodium,1,3758,3543,559,Buzzbean
772,Mitchell-Satterfield,Sunscreen Day Broad Spectrum SPF 40,10,455,1125,271,Twitterbeat
806,Reilly-Williamson,Witches Brew Antibacterial Hand,4,1684,1730,160,Skynoodle
821,Murray-Lehner,Zicam Naturals Cough Suppressant,23,4739,3145,167,Podcat
237,"Emard, Hilll and Jast",White Poplar Pollen,6,2573,3951,723,Jabbertype
693,Glover Group,Triple Antibiotic,23,1501,2060,726,Yadel
692,Heidenreich LLC,Kids Crest,12,3693,1290,908,Realcube
841,O'Kon LLC,Furosemide,22,1171,3714,539,Tagcat
497,"Lesch, Satterfield and Fay",HYDROCODONE BITARTRATE AND ACETAMINOPHEN,10,1111,2812,290,Trudeo
696,Doyle-Reinger,"Pollens - Trees, Tree Mix 5",5,494,4304,956,Devpulse
499,Reinger Group,Rough Marsh Elder,4,2780,2322,438,Fatz
249,"West, Fisher and Mante",Idarubicin Hydrochloride,24,1723,2733,670,Zoovu
986,Sporer LLC,Siltussin SA,9,4120,4526,925,Buzzdog
285,Nader-McClure,Tobramycin,16,3974,2170,750,Quamba
376,Conroy-Emard,nite time,23,1898,432,342,Midel
616,"Cole, Langworth and Ullrich",BENAZEPRIL HYDROCHLORIDE,3,4748,556,814,Quaxo
209,"Corkery, Donnelly and Johnston",Nalfon,2,3922,1294,475,Youfeed
123,"Shanahan, Kuhic and Stark",nitetime,24,2810,693,989,Skimia
368,"Schmidt, Dickinson and Boyer",Banana Boat Kids UltraMist Tear Free SPF 30,24,4292,2756,509,JumpXS
304,"Stokes, Kohler and Nolan",LAMISIL,7,1101,4434,364,Gigaclub
154,Stokes-Goldner,Whooping Cough 2,20,4111,3866,295,Blogtag
386,Pfeffer-Mraz,Salicylic Acid,1,4741,817,980,Gabspot
768,"Buckridge, Carter and Spencer",Isoniazid,22,642,1124,381,Fliptune
208,Klocko-Hahn,Intervene Makeup Broad Spectrum Sunscreen SPF 15 Soft Cream,0,262,3798,971,Tambee
193,Satterfield and Sons,Bug Bites - Itch Stopper,10,4856,3331,144,Jaloo
826,"Donnelly, Stiedemann and Borer",Givenchy TEINT COUTURE Long Wearing Fluid Foundation with Sunscreen Broad Spectrum SPF 20 ELEGANT PORCELAIN,13,247,4801,865,Oyondu
618,Greenfelder Inc,Zevalin,22,3645,3136,938,Thoughtstorm
249,Lubowitz-Wilkinson,LOSARTAN POTASSIUM AND HYDROCHLOROTHIAZIDE,18,831,179,617,Jaxworks
206,Littel-Simonis,Laura mercier Tinted Moisturizer SPF-20 Fawn,11,4735,4960,171,Thoughtstorm
244,Carter-Schiller,Instant Hand Sanitizer,7,3906,3683,850,Blogspan
807,Kozey-Huel,Lip Smacker SPF 24 Cool Strawberry Orange,16,4505,4501,694,Quatz
439,Schoen-Carroll,Venlafaxine Hydrochloride,12,3158,3468,750,Meeveo
933,Adams Group,Nitrous Oxide,22,4904,4847,939,Eamia
806,Pfeffer-Waelchi,Donepezil Hydrochloride,3,3627,3358,580,Thoughtstorm
674,"Skiles, Batz and Koss",Night Time Cough Cherry,17,1251,1374,261,Meedoo
864,Konopelski-Schumm,Eshu Skin Assist SPF 30,8,4621,487,194,Meedoo
248,Jakubowski-Fritsch,Hemorrhoidal,13,4294,1837,722,Youopia
688,Walker-Bogan,Duloxetine,4,2875,2964,201,Brainverse
843,Watsica Group,Pentagastrin,0,3322,4822,791,Realbridge
641,Rolfson Group,Zithromax,18,4094,288,270,Blogpad
600,"Fadel, Crona and Rempel",Hand Sanitizer,4,1571,282,608,Quimba
194,Hodkiewicz-Ernser,Depo-Estradiol,14,2206,3116,610,Linktype
701,Gaylord-Parker,BLACK PEPPER,18,1579,1588,878,Ainyx
922,Brekke Inc,OHL O2,6,3255,803,227,Twitternation
794,Schmidt Inc,MORUS RUBRA POLLEN,12,2611,622,548,Jayo
748,"Dooley, Dicki and Hackett",Arterioforce,22,4189,4102,510,Plajo
323,"Feil, Rutherford and Kozey",Trazodone Hydrochloride,2,2986,3124,434,Lazz
740,Rolfson LLC,LES BEIGES,24,4555,4110,474,Oba
297,Langosh LLC,JUNIOR STRENGTH ADVIL,12,4284,1266,886,Yoveo
924,Murphy LLC,Birch,20,2550,330,840,Kayveo
660,"Oberbrunner, Koss and Kutch",CVS Therapeutic Menthol Pain Reliever,1,506,194,786,Katz
706,Quigley-Bednar,Levofloxacin,21,1676,3449,953,Mynte
831,Turner Inc,VALACYCLOVIR HYDROCHLORIDE,5,3333,3462,438,Kamba
761,O'Keefe-Kling,Disney Fairies Antibacterial Hand Wipes,1,777,510,687,Kare
299,"Kirlin, Wuckert and Hansen",UROGESIC BLUE,23,2503,3072,412,Skipfire
382,Nicolas-Fisher,Hum CC,17,4958,4918,165,Lazzy
690,Schiller-Macejkovic,Irbesartan,9,4773,4918,151,Yacero
368,McCullough-Gleichner,Promethazine Hydrochloride,11,4270,2844,932,Zava
336,Maggio Inc,hydroxyzine pamoate,0,391,4906,735,Devpulse
549,"O'Kon, Fay and Adams",Vivactil,8,1695,3355,124,Shufflester
382,"Beatty, Carroll and Pagac",Alprazolam,17,4490,448,944,Thoughtstorm
896,Koss-Murray,Atenolol,14,1051,4440,772,Leexo
554,Swift-Connelly,Night Time Original,3,4041,377,446,Gigaclub
675,"Bechtelar, Rath and Witting",Fentanyl,12,3581,3491,352,Oyoba
315,Harber and Sons,Multi Symptom Cold,21,1317,2834,205,Jaxbean
520,Boyle LLC,Benztropine Mesylate,11,2509,3445,184,Photospace
212,"Langosh, Wunsch and Heller",ESIKA,19,4586,4134,570,Skipstorm
154,"Gerlach, Shields and Bauch",Polymyxin B Sulfate and Trimethoprim,14,2236,3672,733,Zoozzy
372,Harber LLC,Risperidone,11,2331,3368,639,Browsebug
188,"Nienow, Jacobs and Toy",smart sense pain relief,3,1854,1698,795,Talane
106,"Legros, Feest and Kerluke",Nabumetone,11,3212,4794,206,Yodoo
667,Mayer Inc,Topiramate,4,892,2608,110,Youopia
363,Fahey Group,Lantus,11,4546,1701,256,Buzzbean
721,"Kutch, Will and Beahan",Hand Kleen Foaming Instant Hand Sanitizer,4,2575,3517,103,Jabbercube
213,Nolan Inc,Spironolactone,0,2001,913,648,Cogibox
860,Hayes Inc,rexall antacid,4,3694,2979,269,Shuffledrive
199,Wehner and Sons,Esmolol Hydrochloride,2,2767,4850,924,Fivechat
942,Wehner-Braun,Ketoprofen,15,1705,4581,833,Rhyzio
512,Goodwin Inc,Fluticasone Propionate,20,1811,2644,512,Quatz
313,"Quitzon, Hodkiewicz and Murray",STANDARDIZED MITE D PTERONYSSINUS,11,4575,3473,214,Thoughtbeat
566,Funk-Hamill,Dextrose,24,275,2416,466,Yabox
