PRODUCT_ID,PRODUCT_NAME,AD_DURATION,COMPANY_NAME,AD_DIRECTOR
622,Versatainer Nc - 888,9,Innotype,Obed Duly
974,Beef - Top Butt,9,Wordpedia,Jean Birdsey
474,Longos - Grilled Veg Sandwiches,9,Feedfire,Doll Huband
935,Pheasants - Whole,9,Youfeed,Phil Klessmann
486,Cake - Cheese Cake 9 Inch,3,Roombo,Cristen Iannuzzelli
622,Wine - Pinot Noir Stoneleigh,7,Katz,Cornie Banger
348,Grapes - Red,8,Mita,Patrizius MacGillivrie
907,"Champagne - Brights, Dry",6,Demimbu,Phebe Waddoups
858,Hot Choc Vending,7,Cogibox,Francklyn Kem
339,Milk - Homo,5,Kayveo,Jaynell Di Franceschi
851,Carbonated Water - Blackcherry,4,Tagchat,Kara Spottswood
314,Chicken - Tenderloin,5,Tavu,Kennith Grelka
182,"Chocolate - Milk, Callets",5,Feedmix,Vince Lebel
991,Schnappes Peppermint - Walker,3,Eayo,Selena Silbert
515,Bread - French Stick,6,Mycat,Ole Brownett
449,"Wine - Bourgogne 2002, La",1,Meetz,Daloris Suttle
502,Corn Syrup,7,Realbridge,Gertruda Poncet
999,"Beans - Long, Chinese",4,Photobug,Ignaz Wiley
670,Icecream Cone - Areo Chocolate,10,Kazu,Alwin Juares
462,Towel - Roll White,9,Meembee,Rozele Rice
695,Veal - Insides Provini,7,Yambee,Fitz Melrose
125,Sauce - Fish 25 Ozf Bottle,5,Devbug,Jyoti Faye
276,Pickle - Dill,10,Gigashots,Quentin Trevethan
644,Mushroom - King Eryingii,6,Roomm,Adella Dunmore
272,Catfish - Fillets,5,Skipstorm,Krissie Cutchee
245,Beans - Soya Bean,6,Riffpedia,Birk Spindler
667,Milk - 2% 250 Ml,10,Chatterpoint,Bernete Edginton
889,Chickensplit Half,8,Zoovu,Kevina Janes
185,Gloves - Goldtouch Disposable,2,Kwimbee,Kelcey Gravenor
855,Daves Island Stinger,0,Kaymbo,Saundra Bazely
953,Pie Filling - Apple,0,Thoughtsphere,Karil Skilton
538,"Lid - High Heat, Super Clear",6,Ailane,Ely Virgin
372,Bread - 10 Grain Parisian,5,Jabbertype,Axe Masi
807,Plasticknivesblack,0,Divanoodle,Hoebart Sharman
486,Appetizer - Assorted Box,6,Bubblemix,Muhammad Killshaw
416,Pastry - Chocolate Chip Muffin,9,Riffwire,Jami Drury
422,Water - Evian 355 Ml,0,Topicstorm,Tedra Rustman
810,Hummus - Spread,9,Meetz,Lemuel Piperley
749,Wine - Fontanafredda Barolo,0,Fivechat,Kathleen Manchester
411,"Pepper - Black, Whole",0,Chatterpoint,Tito Sheara
394,Apricots Fresh,6,Eidel,Katti Lemmertz
409,"Mushroom - Porcini, Dry",3,Shufflebeat,Christel Bridgewater
297,Pastry - Chocolate Marble Tea,0,Twitterwire,Pegeen Stot
727,Sterno - Chafing Dish Fuel,5,Divape,Gun Tribe
681,Potatoes - Idaho 80 Count,1,Rhynoodle,Arabel Sawdon
484,"Hickory Smoke, Liquid",3,Geba,Hoyt McCormick
355,Tart - Pecan Butter Squares,2,Bubblebox,Cathrine Wallen
182,Potatoes - Idaho 100 Count,9,Janyx,Gipsy Burdus
117,Carbonated Water - Raspberry,1,Jabbertype,Vassili Gergolet
796,Rice - Jasmine Sented,9,Youopia,Nolana Forge
190,Nori Sea Weed - Gold Label,10,Jabberbean,Karel Scanlon
178,Beef - Short Loin,7,Flashset,Vera Dorrity
352,Lamb - Loin Chops,5,Tambee,Aryn Garioch
622,Chicken - Base,2,Tambee,Aileen McCarney
981,Cheese Cloth No 60,10,Thoughtworks,Zuzana Scadding
609,Vinegar - Balsamic,7,Flashspan,Hobey Kyncl
211,"Shrimp - 16/20, Peeled Deviened",10,Voolith,Pace Anthona
463,Table Cloth 62x114 White,1,Cogidoo,Silas Chantree
960,Bread - Italian Roll With Herbs,2,Skibox,Roz Coll
628,Chicken - Ground,1,Vinder,Danni Pear
896,Mousse - Banana Chocolate,1,Kaymbo,Mabel Woolfall
255,Soup - Campbells Beef Stew,8,Meejo,Trula Ramsted
864,Pork - Sausage Casing,4,Eire,Audre Powles
553,"Juice - Apple, 341 Ml",4,Quamba,Davidde Barhems
785,Kippers - Smoked,9,Tagopia,Peggy Chapelle
732,Onions - Red Pearl,3,Photojam,Ariadne Boyington
110,Creme De Menth - White,10,Gigaclub,Jacquenette Fernie
550,Clam - Cherrystone,1,Mynte,Dani Spittal
799,Curry Paste - Madras,0,Blogtags,Michel Middleweek
770,Mix - Cappucino Cocktail,7,Divape,Olenolin Accomb
984,Cucumber - Pickling Ontario,0,Eabox,Jemimah Gostall
102,Tomatoes - Heirloom,9,Mynte,Marnie Baudin
163,Wine - Chianti Classica Docg,6,Realbuzz,Esra Casterton
876,Aspic - Amber,9,Browsetype,Putnem Basset
868,Cassis,5,Gabcube,Augustus Penddreth
697,Beer - Sleeman Fine Porter,8,Kwideo,Cyril Tripett
228,Tilapia - Fillets,5,Tagtune,Sven MattiCCI
741,Worcestershire Sauce,4,Zoombeat,Pam Senescall
401,Aromat Spice / Seasoning,8,Trudeo,Arny Goncalo
362,Bread Base - Toscano,4,Fadeo,Reilly Enochsson
266,Island Oasis - Pina Colada,0,Zoomdog,Brittney Solomon
541,Rolled Oats,2,Centimia,Lesley Kneel
727,Ice Cream Bar - Hageen Daz To,1,Brainverse,Frasquito Aronson
179,Ice Cream - Chocolate,7,Mudo,Anjanette Glanville
393,Shrimp - Black Tiger 8 - 12,6,Rhyloo,Concettina Squibe
239,"Bread - Roll, Calabrese",2,Flashset,Emelina Murtimer
147,"Brownies - Two Bite, Chocolate",4,Photolist,Isis Cherryman
761,Gherkin - Sour,9,Topdrive,Birgitta Tasch
875,"Seedlings - Buckwheat, Organic",8,Topicstorm,Pieter Zamudio
349,Yeast Dry - Fermipan,10,Geba,Rhoda Gozney
910,Country Roll,3,Shufflebeat,Jessey Baalham
121,Pear - Prickly,7,Kwideo,Gerrie Cunnow
588,Lemon Grass,8,Eayo,Elvina Woodford
455,Syrup - Kahlua Chocolate,1,Gigabox,Leif Calliss
739,Wine - Prosecco Valdobienne,6,Quatz,Sherwin Greaterex
384,Cumin - Whole,9,Rhybox,Sidoney Mace
602,Pants Custom Dry Clean,1,Meetz,Rossy Standley
702,Fennel,10,Jabberbean,Imogen Wroughton
464,Shrimp - 31/40,8,Zoombox,Maxwell Gawke
729,Coffee - Irish Cream,2,Dabshots,Riannon Probbings
149,Spice - Greek 1 Step,9,Voonyx,Junette Lynnitt
431,"Fish - Atlantic Salmon, Cold",8,Twimbo,Miner Jewett
746,Pastry - Chocolate Marble Tea,2,Buzzshare,Sheryl Peidro
270,Red Currants,2,Roombo,Yolanda Gostridge
778,"Cheese - Brie, Cups 125g",2,Lazz,Magnum O'Day
721,"Soup - Campbells, Minestrone",9,Blogtag,Jorrie Stitson
827,Lamb Tenderloin Nz Fr,5,Shufflebeat,Rustie Eccleston
571,"Radish - Black, Winter, Organic",6,Vidoo,Juli Barbie
590,"Pork - Tenderloin, Frozen",3,Blogspan,Frasquito Pierri
211,"Shrimp - 16/20, Iqf, Shell On",8,Devbug,Chad Bromige
860,Sweet Pea Sprouts,10,Quamba,Sal Crush
143,"Crab - Dungeness, Whole",7,Buzzdog,Delphinia Frise
771,Muffin Mix - Banana Nut,3,Feedfish,Donnajean Lampen
224,Cheese - Oka,0,Wikizz,Baxy Conybear
841,"Wine - White, Mosel Gold",10,Kayveo,Ruttger Marron
643,Blue Curacao - Marie Brizard,7,Rhynoodle,Gertrud Ropp
112,Wine - Sicilia Igt Nero Avola,0,Babbleopia,Mollee Dyball
503,Jam - Apricot,8,Brainverse,Jerad Ellyatt
875,Crackers - Water,6,Ntag,Callie Mullinder
422,Wine - Bouchard La Vignee Pinot,4,Oyope,Ignacio Crambie
986,Ice Cream - Turtles Stick Bar,0,Jaloo,Gasper Daud
994,Wine - Taylors Reserve,5,Wikido,Dore Cattanach
524,Canadian Emmenthal,8,Yacero,Cyrille Finder
797,Beer - Labatt Blue,1,Meevee,Yankee Sadd
396,Bread - Pain Au Liat X12,0,Yakitri,Amye Khan
140,"Tomatoes - Cherry, Yellow",4,Yakijo,Saudra Attewill
874,"Crush - Orange, 355ml",10,Gabspot,Ginny Icom
263,"Pepper - Chipotle, Canned",9,Rhyloo,Carolynn Grubey
802,Lobster - Base,0,Buzzshare,Briant Restieaux
993,Pepper - Jalapeno,2,Wordpedia,Adan Mound
345,Bar - Granola Trail Mix Fruit Nut,0,Cogilith,Maggee Humpage
454,Table Cloth 144x90 White,6,Twitterworks,Aura Juste
426,Syrup - Monin - Granny Smith,4,Fadeo,Audry Morforth
341,"Gingerale - Schweppes, 355 Ml",1,Bubblemix,Peyton Files
249,"Soup - Campbells, Lentil",6,Yodel,Sholom Valentin
835,Peach - Halves,6,Rhybox,Luis Howat
366,Sage - Rubbed,2,Skalith,Isa Caberas
718,Rice - Brown,3,Browsebug,Ollie Lamasna
268,Coffee Caramel Biscotti,8,Jaxbean,Redford Snazel
236,Garlic - Elephant,8,Avamba,Carlotta Osmond
174,Beef - Striploin,5,Gigashots,Maisey Quantrill
804,French Pastries,10,Buzzbean,Peria Glossup
241,Island Oasis - Peach Daiquiri,7,Bubbletube,Shayne Leverson
718,Horseradish Root,5,Fivechat,Tedie Farington
734,"Trout - Rainbow, Fresh",10,Browsecat,Korry Wodham
101,Pork - Backs - Boneless,0,Zoovu,Aeriel Sonschein
408,"Gin - Gilbeys London, Dry",2,Edgetag,Alessandra Canti
116,Beer - Upper Canada Lager,10,Quire,Mandy Pearcy
987,Pomello,8,Fivebridge,Fania Mutter
389,"Appetizer - Spring Roll, Veg",7,Feedmix,Lark Tuttiett
550,Potatoes - Peeled,1,Skipfire,Serena Cranny
212,Mushroom Morel Fresh,7,Livepath,Son Kernar
554,"Marsala - Sperone, Fine, D.o.c.",5,Livepath,Chrisy McGonnell
698,Arizona - Green Tea,2,Quaxo,Marge Hollingsby
670,"Water - Mineral, Natural",7,Myworks,Rochella Drakeford
332,"Sole - Dover, Whole, Fresh",5,Kwimbee,Bev Tackes
717,Allspice - Jamaican,3,Photolist,Martie Rishworth
471,Momiji Oroshi Chili Sauce,8,Fiveclub,Celia Tregien
601,"Soup - Campbells, Lentil",5,Vinte,Barron Lowen
571,Salt - Seasoned,9,Tekfly,Shell Crowhurst
587,Banana,5,Topiclounge,Elston Satteford
935,Chicken - Soup Base,0,Skippad,Luis Paschke
261,Table Cloth 62x114 White,0,Edgeclub,Ced Gouldsmith
110,Lemon Grass,0,Tagfeed,Clarette Horry
588,Lid Tray - 12in Dome,4,Voolia,Ileana Castles
551,"Yeast - Fresh, Fleischman",4,Ntag,Ruperto Comben
398,Beef - Ox Tongue,1,Twimbo,Falkner Dregan
837,Coffee - Frthy Coffee Crisp,5,Janyx,Rhona Rappa
685,Beer - Fruli,0,Twimbo,Vanni Saladine
768,Mints - Striped Red,1,Dazzlesphere,Austin Fooks
728,Bread - French Stick,10,Skaboo,Costanza Grove
737,Nantucket - Orange Mango Cktl,8,Feedspan,Ralph Fragino
220,"Coffee - Colombian, Portioned",1,Dynava,Yorgos Jennaway
559,Magnotta - Bel Paese White,8,Fanoodle,Dyane Glitherow
384,Cheese - Oka,1,Einti,Pauly Pitrollo
282,Beer - Camerons Auburn,7,Nlounge,Marji Vasquez
515,Chips Potato All Dressed - 43g,4,Meemm,Hamlin Scocroft
383,Muffin Mix - Blueberry,6,Vimbo,Lay Janning
453,Milk - Chocolate 250 Ml,1,Yakijo,Adelice Drable
705,Beef - Eye Of Round,9,Rhybox,Cord Coggin
556,Cheese - St. Andre,3,Voonder,Michel O'Donohue
657,Ham Black Forest,2,Janyx,Sander Copland
543,Juice - Lemon,9,Rhybox,Gav Gaythor
317,Orange - Blood,1,Skajo,Ilise Staniforth
579,"Wine - White, Lindemans Bin 95",2,Avamba,Kimberly Storrier
626,Chips - Miss Vickies,0,Yamia,Derril Zanazzi
200,Wine - Tribal Sauvignon,1,Einti,Flss Gribbins
560,Sobe - Orange Carrot,5,Tagtune,Sheelah Benting
314,Beef - Salted,9,Tavu,Perri Broggini
565,Cabbage - Red,8,Meedoo,Gan Doudney
618,Rosemary - Fresh,8,Trudoo,Rebekah Feilden
842,Carrots - Mini Red Organic,4,Skinder,Brennen Teodorski
115,Bagel - Whole White Sesame,8,Fliptune,Ilka Pym
653,Flour - Semolina,0,Feednation,Carling Bartoszewicz
880,Grapes - Black,3,Gabcube,Bethany D'Alessandro
383,Eggs - Extra Large,10,Meezzy,Frannie Cadell
833,Bread - Calabrese Baguette,4,Aimbu,Devi Hallward
259,Bread Foccacia Whole,1,Voonte,Leta Cadwaladr
415,"Mushroom - Morels, Dry",4,Realcube,Hilliary Crayden
438,"Capon - Breast, Double, Wing On",5,Yombu,Aprilette Izsak
696,Wine - Zonnebloem Pinotage,1,Photojam,Roobbie Paulmann
918,Beans - Green,5,Thoughtworks,Darcy Bindin
740,Cheese - Shred Cheddar / Mozza,6,Eazzy,Lorry Hainning
450,Bread - Rye,8,Eayo,Nigel Matschuk
483,Cheese - Gorgonzola,2,Feedspan,Tina Speak
516,"Gingerale - Schweppes, 355 Ml",10,Realcube,Sascha Magee
419,Nantucket Cranberry Juice,5,Jabbercube,Gwyn Trubshawe
314,Broom Handle,2,Camimbo,Stephanie Bellward
911,Cocoa Butter,10,Quamba,Rosabella Lappin
313,Spice - Pepper Portions,8,Feedfish,Loren Mc Pake
574,Pork Loin Cutlets,5,Blogpad,Kary Handaside
1000,Nantucket Orange Juice,4,Demimbu,Witty Denson
639,Cheese - Mascarpone,5,Riffwire,Lisa Skitch
862,Calaloo,6,Shuffletag,Jarrid Gruczka
146,"Napkin - Beverge, White 2 - Ply",1,Yombu,Glenn Rakestraw
407,"Nut - Pecan, Pieces",9,Vitz,Nickolai Mcsarry
312,Oil - Peanut,9,Gigashots,Herold Kear
105,Potatoes - Parissienne,1,Wordify,Foster Stearn
435,"Tendrils - Baby Pea, Organic",6,Devshare,Ethelin Tesche
994,"Tart Shells - Savory, 2",7,Quatz,Lazar Harrap
868,Pears - Anjou,5,Thoughtworks,Jarrett Mellody
768,"Tabasco Sauce, 2 Oz",9,Quamba,Edin Kusick
706,Arizona - Plum Green Tea,9,Edgetag,Fleming Craufurd
682,Table Cloth 53x53 White,3,Photofeed,See Bocock
964,"C - Plus, Orange",5,Edgepulse,Addy Bygrave
607,Sobe - Orange Carrot,10,Edgeblab,Dinah Ram
671,Nori Sea Weed,1,Yodo,Olympia Hue
880,Ecolab - Solid Fusion,4,Photobug,Willem Warnock
519,Banana,9,Feedspan,Marrissa Dobkin
489,Wine - Sake,2,Jaxworks,Cyril Markovic
196,Spaghetti Squash,9,Centimia,Britte Shale
227,Goat - Leg,5,Dynabox,Rowney Witchell
425,Sandwich Wrap,4,Shuffletag,Cora Palek
593,Cup - Translucent 7 Oz Clear,10,Gigabox,Cortie Musso
524,Graham Cracker Mix,9,Livetube,Millisent Dyte
913,Extract Vanilla Pure,5,Eabox,Ramona Brimson
361,"Rum - Cream, Amarula",5,Twinder,Alano Barkworth
589,Muffin - Mix - Creme Brule 15l,3,Thoughtbridge,Valida Thornber
262,Jameson Irish Whiskey,3,Rhyzio,Barbabra Toopin
199,Muffin Hinge 117n,8,Wordpedia,Sayre Nerheny
669,Beef Wellington,6,Yabox,Conny Darko
492,Bar Mix - Lemon,4,Voomm,Chet Quidenham
927,"Turkey - Breast, Boneless Sk On",7,Kimia,Cory Tommasetti
947,Versatainer Nc - 888,5,Kaymbo,Florella Matis
478,Milk - 1%,9,Rhycero,Davine Guymer
749,Coffee Beans - Chocolate,0,Buzzdog,Gussi Verdey
831,Glucose,8,Skyble,Abbe Berthe
847,"Tortillas - Flour, 8",8,Oyoba,John Vasyutochkin
668,Bread - Raisin Walnut Oval,3,Voonder,Abigale Bartaloni
920,"Sauce - Apple, Unsweetened",5,Youspan,Maximilian Revely
222,"Pork - Loin, Center Cut",6,Yodoo,Graig Meritt
812,Wine - Barossa Valley Estate,7,Topiclounge,Debra Gatcliff
570,Squash - Acorn,2,Tanoodle,Veronika Abramovitch
123,Muffin Carrot - Individual,7,Topicshots,Sandra Melluish
421,Wine - Balbach Riverside,8,Zoombeat,Pat Gulc
773,Pasta - Angel Hair,5,Meejo,Brooks Vanstone
736,"Tomatoes - Vine Ripe, Yellow",1,Ainyx,Briant Kittel
108,Spinach - Frozen,3,Zooveo,Roland Mc Curlye
209,"Mushroom - Chantrelle, Fresh",3,Edgeclub,Frannie O' Reagan
707,Nougat - Paste / Cream,10,Voolia,Ailene Michelet
424,Wine - Rioja Campo Viejo,4,Browsecat,Willem Kidde
690,Vector Energy Bar,8,Cogibox,Jasmina Gillespey
392,Pan Grease,6,Realbuzz,Donnamarie Vasyanin
765,Bag - Clear 7 Lb,7,Gigashots,Mattias Dono
204,Towel Dispenser,7,Leenti,Pinchas Leon
382,Ecolab Digiclean Mild Fm,9,Buzzster,Milissent Flecknell
263,Sambuca - Opal Nera,3,Mynte,Gnni Waggatt
861,Irish Cream - Butterscotch,6,Centizu,Tani Anthill
226,Salt And Pepper Mix - White,6,Devify,Carmon Mattek
814,Food Colouring - Orange,8,Rhyzio,Kimberlee Pauncefoot
912,Puree - Blackcurrant,10,Dynazzy,Gilli Vanyashkin
814,Bay Leaf,3,Ntag,Candis Brickell
902,Towel Dispenser,2,Pixoboo,Glori Dovydenas
329,Smoked Paprika,4,Voolia,Charlotte Dacres
708,Soup - Campbells Mac N Cheese,7,Skinder,Garrot Saice
765,"Tortillas - Flour, 12",7,Zoozzy,Cherlyn Jurries
859,Eggwhite Frozen,1,Topicstorm,Querida Capper
199,Cattail Hearts,5,Dazzlesphere,Carter Mullaney
390,Magnotta - Bel Paese White,6,Voonte,Yoshiko Vamplus
962,Veal - Knuckle,4,Mydeo,Willyt Duquesnay
341,Ostrich - Fan Fillet,3,Camido,Dorree Geekin
524,Soup - Campbellschix Stew,3,Photobean,Christan Addekin
377,Flour Dark Rye,6,Flipopia,Ina Larrosa
272,Squash - Butternut,1,Oloo,Buddie Vasnetsov
546,Cloves - Ground,5,Pixoboo,Osborne Dilkes
331,Wine - Alsace Gewurztraminer,7,Vidoo,Clarinda Antonelli
106,"Quail - Whole, Bone - In",10,Flipstorm,Feliks Grim
307,Devonshire Cream,7,Dazzlesphere,Mario Coleridge
455,Beans - Yellow,10,Divape,Nero Markey
270,Pur Value,0,Zoomcast,Tasha Hovie
668,Cookies - Amaretto,5,Rooxo,Rene Chesley
327,Oil - Avocado,6,Twiyo,Rad State
603,Bar Mix - Lemon,4,Tavu,Clemens Cheeseman
886,Cheese - Shred Cheddar / Mozza,8,Bubblebox,Brina Stolte
427,Wooden Mop Handle,2,Wordify,Rusty Baszniak
877,"Beans - Black Bean, Dry",4,Livetube,Olwen Slater
139,Vodka - Moskovskaya,6,Vipe,Diane Frascone
780,Whmis Spray Bottle Graduated,9,Innotype,Irvin Milbourn
373,"Red Snapper - Fresh, Whole",5,Livetube,Viola MacKee
384,Shrimp - 31/40,10,Yakidoo,Adler Valentino
571,"Wine - White, Riesling, Semi - Dry",0,Tavu,Lane Moncey
842,Mace Ground,4,Dabjam,Susie Crewdson
486,Grouper - Fresh,2,Yabox,Melitta Newlyn
962,Wine - Cotes Du Rhone,5,Yoveo,Burtie Dodman
334,Taro Leaves,4,BlogXS,Vida Vickerstaff
975,Guinea Fowl,1,Gabtype,Bekki Schust
552,Wine - Segura Viudas Aria Brut,3,Twitterworks,Bail Mattiuzzi
587,Nantucket Cranberry Juice,6,Babbleopia,Ax Ellaman
955,"Apple - Delicious, Red",7,Youspan,Rollin Franciskiewicz
101,Beef Ground Medium,4,Blognation,Orella Capron
920,Wine - Fontanafredda Barolo,3,Camido,Berty Beaman
753,"Wine - Red, Mosaic Zweigelt",4,Devify,Raine Benjefield
641,Beets - Mini Golden,5,Voolia,Mariejeanne Colley
393,Vodka - Moskovskaya,1,Digitube,Roddy Shankland
573,Potato - Sweet,0,Livepath,Jone Watford
420,Contreau,1,Oyondu,Dov Snazel
611,Asparagus - Mexican,1,Camimbo,Cosmo Humburton
281,Pear - Prickly,7,Skipfire,Reeta Epton
363,Onions - White,10,Zoomzone,Orelie Keir
540,Nantucket - Kiwi Berry Cktl.,6,Wikivu,Bobby Black
259,Dr. Pepper - 355ml,10,Kwideo,Celina Beincken
854,Beer - Moosehead,4,Voonyx,Wendel Crumb
385,"Juice - Grapefruit, 341 Ml",8,Wikibox,Adolf Shelper
840,"Pork - Loin, Boneless",2,Yambee,Hunt Bridgens
851,Red Currants,0,Skinix,Almeta Allsupp
953,Wine - Manischewitz Concord,10,Buzzdog,Der Fantone
330,Vinegar - Balsamic,6,Buzzdog,Georg Scotchforth
863,Cocoa Feuilletine,0,Tazz,Bertrand Gyles
579,Goat - Leg,8,Innojam,Marilee Rait
623,Oil - Margarine,6,Wikizz,Merwyn Loudon
415,Triple Sec - Mcguinness,7,Innojam,Andy Chillistone
859,Beans - Wax,9,Kamba,Raina Lidgate
545,Cheese - Mascarpone,4,Fivespan,Konstanze Lammertz
460,Wine - Vidal Icewine Magnotta,10,Blogtags,Elonore Earngy
278,Thyme - Dried,10,Meembee,Gilbert Heinsius
128,Bay Leaf Ground,7,Tazz,Menard Beves
507,Pepper - Cayenne,10,Yodo,Dougy Mark
655,"Wine - Red, Mouton Cadet",2,Wikivu,Meghan Welbourn
760,"Soup - Campbells, Lentil",5,Thoughtmix,Deirdre Harries
436,Potatoes - Pei 10 Oz,7,Plambee,Suzette Iannuzzi
534,Pork - Sausage Casing,9,Livepath,Milena Cecely
480,Bread - English Muffin,3,Meembee,Breanne Cressy
472,Cinnamon Buns Sticky,7,Skynoodle,Harcourt Crombie
480,Pop Shoppe Cream Soda,6,Roombo,Cully Tomik
865,"Radish - Black, Winter, Organic",6,Brainsphere,Kevon Swede
689,Pineapple - Regular,9,Jabbercube,Dulcia Fake
491,Sauce - Sesame Thai Dressing,1,Devify,Lonni Clifforth
353,"Veal - Tenderloin, Untrimmed",10,Shufflester,Carroll Wilford
891,Parsley Italian - Fresh,2,Babbleblab,Marc Clinton
397,Bread - Raisin,1,Jazzy,Hamel Conrad
149,Eggplant - Asian,8,Skiptube,Angus Emmitt
284,V8 - Vegetable Cocktail,5,Meedoo,Averil Echlin
609,Galliano,5,Feedfire,Hermina Duncan
664,Lamb - Sausage Casings,6,Thoughtstorm,Trina Gibbons
661,Mousse - Mango,9,Zoovu,Granny Cowdray
544,Pepper - Red Chili,1,Youtags,Erasmus Fowkes
206,Table Cloth 54x54 Colour,7,Voonix,Monroe Rowbottom
844,Sorrel - Fresh,2,Zoovu,Merrill Turri
483,Rum - Mount Gay Eclipes,2,Aivee,Lennie Bolmann
184,Tomato - Plum With Basil,3,Yodoo,Philbert Millan
107,Island Oasis - Banana Daiquiri,3,Mybuzz,Dawn Barry
460,"Lid - 10,12,16 Oz",0,Leexo,Francisca Rankmore
890,Lettuce - Escarole,7,Dabtype,Dasya Bawme
708,"Juice - Apple, 500 Ml",6,Zoombox,Lizabeth Sulland
406,"Bread - Roll, Soft White Round",9,Zava,Belle Paulisch
604,Dooleys Toffee,6,Fanoodle,Quent Paddie
877,Ham - Cooked Italian,0,Skivee,Etheline Fellgett
947,Beef - Top Sirloin,10,Babbleopia,Gabriela Lage
756,Papadam,2,Dynabox,Broddy Bascombe
642,Bag - Regular Kraft 20 Lb,7,Leexo,Filmer Clendennen
427,Wine - Montecillo Rioja Crianza,8,Twitterlist,Bevin Rhelton
591,Salmon Steak - Cohoe 8 Oz,10,Riffpedia,Sibyl Lonergan
442,Milk - Chocolate 500ml,8,Skyndu,Astrix Stepto
869,Ketchup - Tomato,9,Tagchat,Renata Fakeley
238,Tart - Butter Plain Squares,1,Skilith,Ad Hamlington
522,"Vinegar - Balsamic, White",4,Dynazzy,Ruggiero Wilne
324,"Salmon - Atlantic, Fresh, Whole",1,Latz,Rory Franckton
223,Apple - Granny Smith,7,Quinu,Ann Manes
922,Squid - Breaded,7,Skiba,Kenneth Mollindinia
511,Cake - Mini Potato Pancake,8,Riffwire,Abe Coomes
171,Sausage - Liver,10,Browsetype,Darlene Newberry
432,"Salmon - Atlantic, No Skin",7,Snaptags,Shanda Waren
908,Wine - Marlbourough Sauv Blanc,0,Blogtags,Pierce Klus
420,Flower - Daisies,9,Jabberstorm,Ezekiel Bleue
409,Magnotta - Bel Paese White,8,Mydeo,Conrade Mullen
564,Towel Dispenser,6,Mydeo,Malorie Filewood
143,Bread - Olive,8,Rhyloo,Hadleigh Benoist
123,Apples - Spartan,1,Jabbersphere,Clerissa Paunton
100,Irish Cream - Baileys,1,Agimba,Helli Berr
522,Pastry - Apple Muffins - Mini,7,Fivechat,Glynda Surgener
962,Calaloo,9,Oba,Alley Morison
643,"Trout - Rainbow, Frozen",8,Babblestorm,Lilah Welburn
341,V8 Pet,6,Riffpath,Corrina Whyberd
651,"Sauce - Gravy, Au Jus, Mix",1,Voonyx,Walden Gammidge
447,Remy Red Berry Infusion,1,Rhyloo,Verile Stoad
280,Boogies,8,Feedmix,Ive Tomasz
146,"Melon - Watermelon, Seedless",8,Devpoint,Bonnibelle Hackney
159,Chicken - Whole Roasting,1,Blogtags,Crystal Walliker
380,Dikon,7,Thoughtbeat,Rafi Gallardo
664,"Tea - Darjeeling, Azzura",7,Voonyx,Reynolds Maken
795,Table Cloth - 53x69 Colour,4,Skajo,Tomas Spelwood
317,"Yogurt - Cherry, 175 Gr",8,Centidel,Vernen Anstie
875,Cheese - Fontina,3,Yadel,Cam Sammes
840,Kaffir Lime Leaves,7,Linkbridge,Reggi Ongin
134,Rabbit - Frozen,8,Eadel,Elwira Philippault
398,Lid Coffee Cup 8oz Blk,1,Yodo,Cherice Workes
723,Pike - Frozen Fillet,8,Yadel,Mick Malsher
170,"Bar Mix - Pina Colada, 355 Ml",0,Skinix,Nerte Duckels
693,Syrup - Kahlua Chocolate,1,Buzzbean,Munmro Everleigh
314,Sunflower Seed Raw,5,Realblab,Rafaela Nelmes
918,Creme De Cacao White,4,Tavu,Brina Doblin
395,Lumpfish Black,7,Quatz,Danny Ebertz
844,Gelatine Leaves - Envelopes,4,BlogXS,Lita Cockle
914,Island Oasis - Ice Cream Mix,3,Zoonder,Erin Rottgers
146,Mushroom - Portebello,9,Babbleblab,Rocky Doles
946,Wine - Chardonnay Mondavi,2,Dazzlesphere,Llewellyn Clue
194,"Wine - White, Schroder And Schyl",4,Zoomlounge,Ryun Petruszka
495,Ecolab - Hobart Upr Prewash Arm,10,Skibox,Carlota Hylton
590,Arizona - Green Tea,9,Photolist,Babb Clash
950,Chocolate - Compound Coating,6,Gabtune,Teddi Marrable
194,Cheese - Taleggio D.o.p.,3,Jabberstorm,Oona Gadman
647,Muffin Batt - Carrot Spice,7,Wordtune,Neala Behr
556,Compound - Raspberry,7,Jabbertype,Ivie Droogan
118,Oven Mitts - 15 Inch,3,Oodoo,Bobbye Braybrooke
469,Clams - Bay,3,Babbleset,Patrizio Kincaid
531,Mini - Vol Au Vents,3,Mydo,Abagail Shevelin
657,"Coffee - Colombian, Portioned",9,Wordpedia,Rollins Love
351,Soup - Campbells Chili,1,Shufflebeat,Stu Chaise
503,Wine - Dubouef Macon - Villages,4,Quinu,Ailene Friar
736,True - Vue Containers,10,Trunyx,Xever Townby
500,Salt - Kosher,7,Voomm,Ingra Creffeild
980,Propel Sport Drink,7,Gigaclub,Coletta Claricoats
939,"Wine - Cahors Ac 2000, Clos",5,Zoonoodle,Costanza Zorro
119,Pie Shell - 5,9,Dynava,Perren Ellul
833,Hold Up Tool Storage Rack,6,Brightbean,Adrian Shelvey
349,"Nestea - Ice Tea, Diet",2,Skajo,Therine Mayhew
653,Figs,1,Ozu,Hashim Frankton
910,Muffin - Blueberry Individual,6,Yadel,Sheela Asel
276,Extract - Raspberry,8,Linkbridge,Alanah Dadge
971,"Pasta - Gnocchi, Potato",4,Aibox,Osmund Lamberton
943,Foil Cont Round,6,Gabvine,Arne Holdey
193,The Pop Shoppe - Cream Soda,9,Buzzbean,Leonanie Kiddie
180,Wine - Vovray Sec Domaine Huet,10,Vimbo,Lind Kinglesyd
555,Red Cod Fillets - 225g,2,Realbridge,Isabelle Whimpenny
575,Barramundi,9,Skipstorm,Erskine Tures
945,Truffle Shells - White Chocolate,1,Realpoint,Goober Ducarne
533,"Loaf Pan - 2 Lb, Foil",0,Jabbersphere,Natividad Coggell
878,Mushroom - Portebello,6,Livefish,Elia Mellows
408,Bread - Mini Hamburger Bun,6,Eidel,Hertha Loughlan
394,Anchovy Fillets,4,Gabtune,Berke Chiene
224,Table Cloth 81x81 White,8,Voonte,Niel Rulten
982,Ham Black Forest,10,Skimia,Ricoriki Smalley
669,Coffee - Frthy Coffee Crisp,7,Photojam,Aristotle Guarin
867,Pepper - Green,2,Fivechat,Margery Bunn
591,"Mushroom - Morels, Dry",4,Aibox,Cass Phittiplace
649,Pork - Smoked Kassler,5,Linkbuzz,Alfons Licence
578,Sansho Powder,5,Tagopia,Carie Harriagn
934,Wine - Coteaux Du Tricastin Ac,3,Geba,Hillary Hamby
476,Burger Veggie,8,Eire,Georgetta Bauldry
925,Vanilla Beans,7,Quinu,Druci Roze
678,Pastry - Apple Muffins - Mini,2,Mynte,Ursa Kelston
632,"Juice - Apple, 1.36l",4,Flipopia,Corrie Koppelmann
822,Pork - Sausage Casing,10,Thoughtstorm,Nickolai Cahey
366,Wine - Rhine Riesling Wolf Blass,9,Rhynyx,Mendie Densey
169,Mix - Cappucino Cocktail,9,Trilia,Grenville Stoile
854,Glass - Juice Clear 5oz 55005,5,Twinte,Turner Gothard
681,Tuna - Fresh,8,Miboo,Willie Klimmek
742,Anchovy In Oil,5,Dynava,Dallas Bricket
603,Sprouts - Onion,9,Thoughtblab,Kristofor Feechan
882,Truffle Cups Green,8,Dynazzy,Cirstoforo Gumn
730,Steamers White,9,Jayo,Tyrone Boomes
899,"Pail - 4l White, With Handle",5,Zoonoodle,Lonee Bellelli
608,Potatoes - Pei 10 Oz,10,Yotz,Kerri Creegan
237,"Carrots - Purple, Organic",2,Vitz,Jeanne Ciccarelli
560,Wasabi Paste,8,Jabberbean,Cordy Riddiford
727,Bacon Strip Precooked,4,Ailane,Joanne Ferrieres
383,Irish Cream - Butterscotch,2,Livepath,Rica Heathwood
997,Coffee Cup 8oz 5338cd,10,Zoonder,Shannon Lohoar
997,Creme De Menthe Green,10,Yakitri,Fonsie Leaning
624,Potatoes - Mini Red,2,Kazio,Odessa Corck
350,Lamb - Shanks,5,Avamba,Kassie Derrick
238,"Wine - White, French Cross",2,Skinte,Evaleen Shorte
672,Ecolab Crystal Fusion,9,Jabberstorm,Nadya Bushnell
724,"Wine - White, Mosel Gold",2,Zoomcast,Ebeneser Pottberry
424,Cheese - Asiago,7,Aimbu,Timoteo Lively
484,Water - San Pellegrino,2,Meezzy,Milli Joy
764,Papayas,4,Flashset,Dasi Lehrian
394,Ham - Proscuitto,6,Vimbo,Elysee Saunder
854,Pickerel - Fillets,3,Vipe,Doreen Vivash
236,Cookie Dough - Chocolate Chip,0,Lajo,Delmore Goalby
931,"Lamb - Whole, Frozen",8,Cogidoo,Christan O'Doireidh
261,Appetizer - Mushroom Tart,6,Bubblemix,Dalis Szymon
560,Tea - Honey Green Tea,1,Photolist,Darryl Gaudin
389,Danishes - Mini Raspberry,4,Photofeed,Woodrow Shankster
652,Pork - Liver,3,LiveZ,Jarred Duding
783,Mace Ground,10,Pixonyx,Denni Creak
134,Bread Base - Italian,9,Gabtune,Dun Cleaton
521,"Pasta - Orzo, Dry",3,Innotype,Tansy Yoxen
110,Garam Marsala,1,Lazz,Ninette Garraway
548,"Pasta - Bauletti, Chicken White",6,Linkbridge,Esta Luchetti
293,"Cherries - Bing, Canned",2,Babblestorm,Danita Walkinshaw
730,Veal - Slab Bacon,2,Wikivu,Wendell Dugan
927,Creme De Banane - Marie,0,Mymm,Brooke Bazoge
735,"Cheese - Brie, Cups 125g",9,Camimbo,Waldo Fenny
179,Steam Pan - Half Size Deep,6,Meedoo,Lulu Renon
884,Tomato - Peeled Italian Canned,3,Twitterlist,Crawford Bowmen
267,"Artichokes - Knobless, White",8,Zoonoodle,Granthem De Giovanni
312,"Juice - Clam, 46 Oz",1,Dablist,Adria Paulsen
297,Vinegar - Balsamic,1,Thoughtworks,Hannis Burgon
771,Duck - Whole,0,Kwilith,Ricca Tapin
108,"Rice Pilaf, Dry,package",1,Meevee,Raine Gouck
149,Steamers White,9,Devshare,Codi Routh
581,Beef Flat Iron Steak,0,Feedbug,Blakeley Cahn
485,Lid Tray - 16in Dome,3,Ntags,Danna Rollings
403,"Liners - Banana, Paper",8,Meevee,Hernando Botterman
443,"Soup - Knorr, Chicken Noodle",1,Skiptube,Peggie Tesauro
402,Soup - Campbells Tomato Ravioli,9,Wikido,Ly Kull
303,Versatainer Nc - 888,0,Youbridge,Pamelina Clemenceau
140,Compound - Rum,3,Linktype,Devland Earpe
752,Carbonated Water - Orange,8,Plambee,Leonidas Montacute
787,Cookies - Englishbay Oatmeal,0,Browseblab,Ode Paskins
214,Lettuce - Boston Bib,0,Wordify,Betsey Berriman
806,"Chicken - Leg, Boneless",4,Voomm,Estrella Wybron
991,Soup - Campbells,1,Aibox,Lucho Presnell
994,Pepper - Green,7,Cogidoo,Shea Hatchman
900,Eggplant Italian,5,Vipe,Skelly Krolak
167,Pineapple - Regular,5,Meedoo,Marshall Lassell
147,"Soup - Knorr, Country Bean",6,Yabox,Silvain Millichip
430,Chocolate - Sugar Free Semi Choc,9,Thoughtworks,Tan Gilbee
400,Stainless Steel Cleaner Vision,6,Zoonder,Ban Surguine
157,Flour - Teff,0,Photolist,Hadria Abdy
864,Chambord Royal,5,Katz,Alden Vann
933,Trueblue - Blueberry Cranberry,0,Riffpath,Bran Emm
434,"Butter - Salted, Micro",4,Topicstorm,Annabella Scotson
480,Bagel - 12 Grain Preslice,5,Photobug,Rosamond Addams
831,Beef - Tenderloin,2,Quinu,Donia Mynett
374,"Soup - Campbells, Chix Gumbo",0,Skyvu,Babara Janks
782,Bread - Ciabatta Buns,5,Gigashots,Daveen Walthew
673,Cranberries - Fresh,3,Voonder,Grannie Whitecross
771,"Yogurt - Banana, 175 Gr",10,Realcube,Anatollo Pigot
796,"Stock - Veal, Brown",0,Oba,Lorens Danniel
106,Jello - Assorted,8,Feednation,Kim Jordeson
994,Beef - Tenderloin,5,Brainsphere,Patin Gullen
220,"Soup - Campbells, Beef Barley",10,Skibox,Clair Hobell
633,"Stock - Beef, White",0,Jaxnation,Dorotea Conybear
642,Plate Pie Foil,0,Rhyloo,Edeline Pesselt
904,Wine - Ice Wine,0,Omba,Ganny Allsep
189,Vol Au Vents,3,Vimbo,Dori Thompsett
225,Baking Powder,6,Voolia,Enid Souch
725,Flour - Strong Pizza,9,Skaboo,Ignacius Backhurst
886,Aspic - Clear,1,Brainsphere,Barnabas Okroy
947,Chocolate - Feathers,5,Latz,Chick Allberry
274,Tofu - Firm,7,Voonder,Ginnifer Teal
469,Flour Pastry Super Fine,9,Voonte,Carlita Kasperski
900,Bread - Burger,3,Oyonder,Roi Adkin
636,Carroway Seed,3,Bubbletube,Lindi MacAughtrie
132,Scallop - St. Jaques,8,Eayo,Brynna Pantling
996,"Garlic - Primerba, Paste",5,DabZ,Hunter Tumilson
777,Sour Puss Sour Apple,9,Voolia,Sascha Francecione
981,Mustard - Seed,8,Bluezoom,Nadya Daouze
252,Squid - U - 10 Thailand,6,Rhyloo,Arabella Pancost
247,Eggwhite Frozen,6,Jaxbean,Florella Sleany
272,Ecolab - Power Fusion,5,Oyoloo,Dana Pedgrift
781,"Beef - Chuck, Boneless",5,Bubbletube,Nessa Trevenu
163,Cheese - Ermite Bleu,4,Livepath,Antonino Glackin
812,Juice - Cranberry 284ml,10,Rhybox,Corrina Athersmith
592,Cod - Fillets,6,Dazzlesphere,Kassey Colaton
453,Tamarind Paste,10,Myworks,Lonny Hudghton
672,Pate - Peppercorn,8,Kazu,Drud Scarf
140,Lidsoupcont Rp12dn,2,Skajo,Ailbert Lamborne
275,"Marsala - Sperone, Fine, D.o.c.",5,Skalith,Willi Hicks
917,"Beef - Rib Roast, Capless",9,Youspan,Maddy Rizzini
621,V8 - Tropical Blend,5,Lajo,Terri Bowart
158,Ecolab Digiclean Mild Fm,1,Wikido,Judd Roger
461,Curry Paste - Madras,3,Oyonder,Mohammed Robilart
827,Wine - Balbach Riverside,7,Shufflebeat,Wolfie Northern
549,Lettuce - Boston Bib - Organic,8,Meembee,Tab Beer
118,"Soup - Campbells, Classic Chix",10,Teklist,Cecilius Stave
100,Cheese - Victor Et Berthold,9,Vidoo,Vachel Murrhardt
781,Five Alive Citrus,5,Twinte,Perry MacKill
107,Energy Drink Red Bull,9,Kazio,Mitch De Matteis
386,Puree - Raspberry,6,Devpoint,Prissie Mathiassen
981,Kaffir Lime Leaves,3,Kwimbee,Briant Pawellek
531,Cup Translucent 9 Oz,8,Vidoo,Orel Seamer
751,Maple Syrup,5,Fivebridge,Tiff Boerder
571,Ezy Change Mophandle,1,Flipbug,Benedict Mercer
907,"Tortillas - Flour, 12",4,Tekfly,Sal Edgin
556,Myers Planters Punch,7,Yakitri,Abagail Yemm
740,Scallops - 20/30,7,Zoomlounge,Isabeau Brumbye
127,Soup - Campbells Chicken,1,Yabox,Anette Symms
708,Wine - Chardonnay South,6,Skiba,Cyndy Manoelli
330,Veal - Provimi Inside,0,Fliptune,Nissie Ughini
812,Hinge W Undercut,8,Leexo,Murvyn Megroff
136,Apples - Sliced / Wedge,7,Thoughtblab,Darsie Gasson
736,Evaporated Milk - Skim,6,Devpulse,Rockwell Stroyan
155,"Wine - White, French Cross",4,Vinder,Brucie Dissman
124,Amarula Cream,3,Livefish,Mahala Reuben
162,Sour Puss Sour Apple,10,Photobug,Waring Toun
435,Cheese Cloth No 100,1,Eadel,Jaynell Oglethorpe
283,Wine - Prem Select Charddonany,9,Oyope,Anita Winkworth
189,Cabbage - Red,6,Viva,Calvin Nana
846,"Juice - Orange, 341 Ml",9,Babbleset,Enrica Ralfe
701,"Wine - Red, Antinori Santa",6,Meedoo,Silvan Barnwille
558,Tomatoes - Yellow Hot House,9,Jetwire,Paige Busson
625,Container Clear 8 Oz,7,Agimba,Stewart Grodden
379,Straws - Cocktale,0,Skivee,Jennine Duckerin
832,Amarula Cream,2,Meezzy,Benedetto Worvill
423,Cookies - Englishbay Chochip,8,Rhyzio,Sylvan Ipsgrave
808,"Tuna - Canned, Flaked, Light",3,Kwilith,Thaine Winsiowiecki
493,"Rice Pilaf, Dry,package",6,Realcube,Elmore Bertolaccini
823,Onion - Dried,1,Rhynoodle,Mercie Mathissen
106,Soup - Campbells Pasta Fagioli,9,Browsecat,Dorri Toupe
295,"Salmon - Whole, 4 - 6 Pounds",2,Yadel,Zacharie Blaby
457,Pepper - Jalapeno,6,Agivu,Ericha Reynoollds
577,Cheese - Cottage Cheese,8,Twinte,Connie Kleiner
676,Pastry - Key Limepoppy Seed Tea,8,Jaxbean,Cristal Pollak
256,Sauce - Thousand Island,2,Kimia,Bearnard Demougeot
780,Ginger - Ground,4,Yoveo,Kristine Tolhurst
615,Energy Drink - Redbull 355ml,9,Meevee,Amalea Ville
460,Coffee - Decafenated,5,Quatz,Collen Lipsett
495,Sour Puss Raspberry,7,Trudoo,Katina Spittall
871,Seabream Whole Farmed,4,Twitternation,Richmound Hebbes
945,Eel Fresh,10,Twimbo,Greer Kemball
209,Oil - Cooking Spray,8,Edgewire,Garv Carberry
902,Cheese - Colby,10,Meeveo,Nada Shine
105,"Oil - Shortening,liqud, Fry",4,Plajo,Maurizia Lorkings
492,Flour - So Mix Cake White,8,Mudo,Kennett Moulton
545,Beer - Camerons Cream Ale,8,Podcat,Caterina Torregiani
155,Wine - Sogrape Mateus Rose,9,Zoomcast,Aharon Gossipin
141,Table Cloth 62x114 Colour,9,Mydo,Estell Frayne
312,Ecolab - Hand Soap Form Antibac,3,Trilia,Ardith Guiel
448,"Sauce - Bernaise, Mix",10,Oyope,Kareem Laurencot
742,"Juice - Pineapple, 341 Ml",4,Kazio,Michell Streetfield
977,Shrimp - Tiger 21/25,10,Zazio,Weber Tibbotts
625,"Potatoes - Purple, Organic",8,Fatz,Bibbie Magister
121,Chutney Sauce,4,InnoZ,Erma Braithwait
220,Oranges,9,Roombo,Jehu Liptrot
731,Bread - Multigrain Oval,9,Brainlounge,Waylen Buxy
840,Latex Rubber Gloves Size 9,2,Topicblab,Shannan Veltmann
316,Flour - Pastry,10,Layo,Ofelia Melato
540,Beef - Diced,5,Dazzlesphere,Edmon Rotherforth
187,Food Colouring - Red,5,Tambee,Gregory Lytell
809,Oil - Pumpkinseed,5,Shuffletag,Susy Freen
920,"Bread - Multigrain, Loaf",10,Zoombeat,Georgena Di Angelo
725,"Napkin - Cocktail,beige 2 - Ply",1,Skyble,Verney Mussared
277,Pastry - Butterscotch Baked,1,Tavu,Windy Mallebone
592,Pork Casing,10,Oyondu,Lorilee Yakunchikov
545,Chef Hat 20cm,6,Skyndu,Tomlin Davidou
607,Muffin Mix - Lemon Cranberry,3,Centimia,Nicola Cardenosa
587,"Veal - Round, Eye Of",5,Plajo,Kingsly Benyon
965,Jicama,10,Oyoyo,Clare McCrea
691,Cheese - Brie Roitelet,5,Feedbug,Adams Marquand
246,Pastry - Banana Tea Loaf,10,Npath,Sari Grigorushkin
586,Foam Espresso Cup Plain White,9,Yodo,Joelle Collumbine
152,Cocktail Napkin Blue,3,Oba,Kimbra Loughrey
430,Thyme - Dried,2,Tanoodle,Gav Spong
233,Molasses - Fancy,5,Photolist,Rip Goodredge
156,Tobasco Sauce,10,Mynte,Glynis Lutton
708,Wine - Taylors Reserve,9,Thoughtstorm,Dalli Hannan
912,"Pork - Loin, Bone - In",6,Jabbersphere,Siobhan Riatt
625,Cod - Black Whole Fillet,5,Rhyloo,Caleb Lambeth
584,Corn - Mini,3,Feedfish,Phyllida Madre
782,Sherbet - Raspberry,6,Yata,Maren Hallgath
338,"Orange - Canned, Mandarin",2,Oloo,Yorgo Armor
925,"Juice - V8, Tomato",5,Topdrive,Davina Jacombs
494,Croissants Thaw And Serve,2,Aibox,Judith Lamcken
311,English Muffin,8,Realcube,Brnaby Sine
657,Glass Clear 7 Oz Xl,5,Babbleset,Rolfe Gleed
838,"Veal - Brisket, Provimi, Bone - In",3,Riffpath,Lisette Oselton
633,Coffee Swiss Choc Almond,3,Flipbug,Lammond Rigolle
735,Soup - Boston Clam Chowder,6,Voomm,Elinore Begent
450,Dr. Pepper - 355ml,1,Quatz,Ashley Crowden
252,Bread Foccacia Whole,7,Rhyloo,Neville Halwell
581,Bread - Pumpernickel,2,Lazzy,Alexandrina Pattrick
714,Pie Pecan,6,Katz,Billy Broschke
598,Tuna - Bluefin,1,Meevee,Silvano Spawton
104,Kellogs Cereal In A Cup,9,Latz,Andonis Esplin
129,Pancetta,10,Voonder,Ronica Peteri
783,Straw - Regular,8,Flipopia,Asa Clarey
552,Momiji Oroshi Chili Sauce,3,Meevee,Charley Sannes
356,Pastry - Baked Cinnamon Stick,4,Feednation,Paula Labrenz
141,Vodka - Moskovskaya,0,Vipe,Kevon Matton
296,"Lentils - Red, Dry",8,Wikido,Phillie Corragan
711,Wine - Two Oceans Sauvignon,8,Devify,Malissia Giraudat
974,"Nut - Walnut, Chopped",8,Eamia,Ellette Portwain
631,Pastry - Chocolate Marble Tea,3,Jaxworks,Corby Witcomb
932,"Rum - Dark, Bacardi, Black",8,Zoombeat,Velvet Hare
619,Chinese Foods - Chicken,8,Oozz,Dari Jendrusch
945,Herb Du Provence - Primerba,8,Ozu,Kellby Dodworth
782,"Juice - Pineapple, 48 Oz",1,Realbridge,Fara Pearcey
593,Chip - Potato Dill Pickle,6,Skipfire,Markos Woodwind
997,"Crab - Blue, Frozen",5,Fadeo,Porty Wilton
821,Cookies Cereal Nut,9,Skyndu,Spike Assad
721,Chips - Assorted,10,Skyba,Calli Betz
300,Pepper - Orange,6,Voolith,Karel Vase
456,Asparagus - Frozen,6,Realbridge,Arabele Bickersteth
684,Clams - Bay,2,Dabjam,Candie Jockle
724,"Cheese - Havarti, Salsa",10,Yabox,Jamie Mustchin
325,"Nut - Almond, Blanched, Sliced",8,Rhyzio,Deeann Zannotelli
290,Silicone Paper 16.5x24,9,Yodoo,Ag Abramzon
987,Lobster - Live,5,Roodel,Tova Packham
955,Salmon Steak - Cohoe 8 Oz,9,Realmix,Emlyn Lanchester
491,True - Vue Containers,3,Flipstorm,Sada Vogele
806,Bread - Calabrese Baguette,2,Feedbug,Nil Reckless
449,Radish,2,Meejo,Roman Aldersea
516,Flax Seed,4,Livepath,Ashli Flay
314,Lid Coffee Cup 8oz Blk,3,Feedfire,Chicky Abramow
495,Wine - Saint Emilion Calvet,10,Skinte,Dagny Skilling
167,Pastry - Lemon Danish - Mini,0,Zoonder,Sandi Pantin
388,Cinnamon Rolls,10,Jazzy,Babita Tinline
546,Water - Spring Water 500ml,3,Latz,Tamarra Penlington
747,"Basil - Primerba, Paste",4,Skajo,Orelle Gorriessen
627,Parsley - Dried,1,Blogpad,Dillie Whife
743,"Coconut - Shredded, Unsweet",0,Livetube,Joice Witten
927,"Mushrooms - Black, Dried",3,Linktype,Winnah Gaiford
855,Potatoes - Fingerling 4 Oz,4,Wordify,Lotty Henlon
504,Instant Coffee,6,Skiptube,Dee Yablsley
117,Wasabi Paste,3,Feedfire,Gibby Hiorn
450,Table Cloth 90x90 White,7,Fanoodle,Gonzales Cowdray
739,Crab Meat Claw Pasteurise,7,Izio,Erasmus Faucett
418,Wine - Ruffino Chianti,9,Wordware,Dickie Von Helmholtz
122,Bread - Wheat Baguette,0,Skidoo,Natalya Rhule
587,Pepper - Green,5,Babbleblab,Aubrie Di Ruggero
761,Wine - Magnotta - Pinot Gris Sr,4,Cogilith,Ed Huggett
870,Juice - Ocean Spray Cranberry,5,Skipstorm,Mame Blackey
762,Apple - Custard,3,Flipopia,Ashby Koenen
196,Eggwhite Frozen,10,Flashset,Pearline Denecamp
556,Milk - Condensed,3,Layo,Dunc Mullinder
322,Wiberg Cure,1,Wordtune,Emlyn Gannaway
675,Artichoke - Fresh,0,Shuffledrive,Leeanne Lyver
800,Orange - Tangerine,6,Flipbug,Bridgette Barttrum
207,Huck Towels White,5,Wordpedia,Kippy Richmond
336,Prunes - Pitted,9,Photobean,Giralda Fleet
690,Cookie Trail Mix,10,Brightdog,Rakel Hands
342,Island Oasis - Sweet And Sour Mix,3,Katz,Francisco Bradburne
412,"Flour - Bran, Red",2,Photobean,Gaynor Clackson
265,Broccoli - Fresh,3,Twitterworks,Dory Mundford
485,Apple - Macintosh,1,Skaboo,Barnie Petrelli
400,Bandage - Flexible Neon,0,Skipstorm,Casper Wynter
277,Foil Cont Round,2,Twitternation,Morgan Blazejewski
610,"Pepper - Black, Whole",4,Brainverse,Barr Willarton
398,Carrots - Mini Red Organic,8,Jabberbean,Hewitt Boutflour
416,Sauce Bbq Smokey,4,Yozio,Romy Woodfield
648,Mushroom - Chanterelle Frozen,9,Zoonoodle,Barnaby Candlin
941,Wine - Toasted Head,5,Kamba,Sheff Gilchrist
201,Veal - Insides Provini,0,Kwinu,Raphaela Gladden
958,Mustard - Pommery,0,Yombu,Charisse Dureden
420,Sugar - Invert,9,Topdrive,Edita Huske
307,Samosa - Veg,5,Riffwire,Nikolaos Poulett
899,"Pork - Loin, Boneless",0,Shufflester,Arnie Scandrett
217,Bread - Dark Rye,4,Einti,Elvira Smorthit
166,Sauce - Thousand Island,0,BlogXS,Stacey Cheers
170,Cranberries - Fresh,7,Jetpulse,Harper Knell
166,Lid - 0090 Clear,6,Youfeed,Normy Daymont
428,Vodka - Moskovskaya,6,Feedfish,Allyce Bartens
230,Honey - Comb,3,Fanoodle,Renado Breese
120,"Capon - Breast, Double, Wing On",5,Zoomcast,Mallorie MacKenney
257,Coffee - French Vanilla Frothy,9,Zoombeat,Kingston Roll
790,Duck - Fat,7,Jaxbean,Brynne Bisset
357,Lamb Shoulder Boneless Nz,4,Photolist,Tasia Serfati
779,Pomegranates,7,Jatri,Cymbre Esby
541,Tea Peppermint,0,Mynte,Anne-marie Patient
424,Bar - Granola Trail Mix Fruit Nut,4,Chatterpoint,Kit Lazarus
858,Sole - Fillet,1,Babblestorm,Timmi Toombes
871,"Salt - Rock, Course",4,Plajo,Del Ravenshaw
428,Glaze - Apricot,3,Photolist,Duffie Merioth
215,"Pork - Bacon, Sliced",10,Eayo,Tallou Price
434,Bandage - Flexible Neon,1,Blogpad,Tessie Haggie
298,Turkey - Ground. Lean,2,Avamba,Krishna Episcopi
831,"Pasta - Orzo, Dry",5,Wikizz,Luelle Badam
746,Tofu - Firm,7,Photolist,Lacie Turbat
834,Vodka - Moskovskaya,8,Thoughtblab,Arlette Van Arsdalen
965,Squid Ink,7,Pixonyx,Marie Redmond
585,Bread - Italian Roll With Herbs,1,Abatz,Nikki Penn
942,Yogurt - French Vanilla,7,Mudo,Revkah Benedetti
275,"Veal - Inside Round / Top, Lean",2,Plambee,Boony Gahagan
287,Juice - V8 Splash,4,Podcat,Frankie Markwelley
627,Leeks - Large,6,Kimia,Cynthie Dolton
951,Lettuce - Lambs Mash,2,Blogpad,Liv Acom
330,Muffin Chocolate Individual Wrap,0,Pixonyx,Grenville Duffell
246,Arrowroot,1,Yozio,Berni Culy
255,Sorrel - Fresh,3,Yotz,Crystie Zmitruk
432,Quail - Jumbo Boneless,8,Rhycero,Jandy Toffetto
732,Seaweed Green Sheets,0,Twitterbridge,Audy Ferber
903,Bread - Multigrain,6,Skipfire,Saundra Kilkenny
141,Chives - Fresh,2,Youtags,Brody O' Neligan
353,Whmis - Spray Bottle Trigger,2,Dazzlesphere,Eileen Cleveley
860,Wine - Conde De Valdemar,8,Dabtype,Farah Firth
563,"Pork - Back, Long Cut, Boneless",0,Izio,Albrecht O'Daly
295,Latex Rubber Gloves Size 9,9,Flipopia,Shaun Cowle
602,Mushroom - Porcini Frozen,5,Meejo,Margo Thoumas
991,Wine - Magnotta - Cab Franc,1,Kazu,Dottie Carlesso
681,V8 Splash Strawberry Banana,1,Bubblemix,Greg Golsworthy
580,Cheese - St. Paulin,6,Fivechat,Sig Loges
335,Flower - Leather Leaf Fern,6,Dynabox,Niko Dansken
781,Cheese - Brick With Pepper,5,Trilia,Theresina Pollard
111,Jicama,0,Wikibox,Lucinda Read
453,V8 - Vegetable Cocktail,5,Mymm,Swen Helm
874,Persimmons,0,Buzzster,Chuck Kiernan
829,Wine - Champagne Brut Veuve,9,Quire,Neda Isbell
578,Momiji Oroshi Chili Sauce,0,Zoozzy,Jared Joscelin
865,Oven Mitt - 13 Inch,1,Wordware,Fons Ben-Aharon
514,Milkettes - 2%,7,Brainlounge,Zonda Wilbud
853,Ice Cream Bar - Oreo Cone,6,Tanoodle,Langsdon Follett
433,"Rum - Coconut, Malibu",5,Photolist,Marten Burless
142,Plasticknivesblack,0,Gigabox,Marjorie Lindhe
248,Lemon Balm - Fresh,10,Wordtune,Rhianon Zamorrano
694,Rappini - Andy Boy,1,Bubbletube,Brok Margrem
507,"Wine - White, Colubia Cresh",8,Kwimbee,Elva Ambrogio
733,Cleaner - Bleach,9,Jabberbean,Maribeth Klulisek
406,Fondant - Icing,8,Vidoo,Prudi Tonna
941,Hot Choc Vending,4,Twitterbridge,Katy Prigg
603,Pastry - French Mini Assorted,5,Meezzy,Vincent Corzor
404,Icecream - Dstk Cml And Fdg,1,Thoughtmix,Gian Bartosek
881,Bagel - Everything,3,Topicware,Cherise Balnave
484,Pastry - Mini French Pastries,4,Oyonder,Emelita Barford
799,"Napkin - Dinner, White",5,Rhyloo,Sybila Jonin
422,"Pesto - Primerba, Paste",8,Skiptube,Camala Cottis
147,Ecolab - Power Fusion,7,Jabbersphere,Sergio Wainscot
955,Eggplant Italian,2,Flashpoint,Kaleena Graves
899,Dried Cranberries,1,Lazz,Hermy Fleckness
386,Truffle Shells - White Chocolate,10,Skyba,Antony Klaiser
807,Marjoram - Fresh,10,Talane,Verile Beavis
577,Bouillion - Fish,7,Oozz,Pete Rumbellow
255,"Beef - Tongue, Fresh",10,Skinix,Claire Sandwith
494,Everfresh Products,3,Shufflebeat,Nady Parkins
722,"Tomatoes - Vine Ripe, Yellow",5,Tavu,Jenica Flippelli
394,Fond - Neutral,6,Jabbersphere,Merrick Kellick
651,Quail - Jumbo Boneless,2,Skipfire,Redd Januszewicz
799,Tomato Paste,6,Realbridge,Selene Greenrodd
830,Cheese - Cambozola,5,Jaxbean,Aili Saffrin
903,Beef - Shank,1,Eidel,Bathsheba Hamments
558,Ice Cream - Chocolate,8,Yadel,Joy Dragonette
203,Vinegar - Champagne,2,Ailane,Ara Afonso
942,Muffin - Mix - Strawberry Rhubarb,0,Linkbridge,Godfry McGrudder
672,"Chocolate - Pistoles, Lactee, Milk",1,Trilia,Gussy MacNockater
295,"Beef - Rib Roast, Cap On",3,Izio,Mort Kern
990,Capers - Ox Eye Daisy,8,Jetwire,Vassily Giorgi
438,Knife Plastic - White,9,Kwinu,Mozelle Pywell
829,Sauce - Hoisin,5,Buzzster,Selle Merkel
882,Carbonated Water - Cherry,5,Shuffledrive,Lucho Tales
945,Wine - Pinot Noir Mondavi Coastal,3,Dabshots,Marchelle Rook
891,"Chicken - Leg, Fresh",9,Avamm,Clem Burch
121,Syrup - Chocolate,4,Dablist,Adan Palfrey
170,"Tendrils - Baby Pea, Organic",3,Zazio,Fernando Pettingill
976,"Beans - Kidney, Canned",1,Zooxo,Nikki Filipov
224,Bag Stand,6,Yambee,Raynell Wilkerson
396,Silicone Parch. 16.3x24.3,1,Lajo,Arney Edmands
973,Cheese - Provolone,7,Meembee,Delinda Brydon
672,Ham Black Forest,6,Cogilith,Karita Anderton
638,"Soup - Campbells, Beef Barley",2,Linktype,Cross Amar
212,Rice - Jasmine Sented,7,Skalith,Elroy Andrieux
981,Carbonated Water - Blackcherry,8,Wikibox,Durant Raine
395,Shrimp - 31/40,7,Demivee,Launce Weddeburn
620,V8 - Vegetable Cocktail,7,Dynava,Fanni Fincher
584,Energy Drink - Franks Pineapple,7,Meeveo,Colline Kaminski
272,Onions - Pearl,1,Jatri,Lowell Comettoi
548,Flounder - Fresh,0,Fivechat,Reena Rickertsen
163,Versatainer Nc - 9388,5,Viva,Faustina Ifill
179,Soup - Campbells Chili,3,Zoozzy,Ashby Yakunin
856,Thermometer Digital,7,Dablist,Cord McTurk
353,Beans - Butter Lrg Lima,5,Riffwire,Mabelle Willsmore
412,Dip - Tapenade,10,Demimbu,Brittne MacTeague
239,Oil - Grapeseed Oil,3,Yakidoo,Modestia Emblen
605,Creme De Menthe Green,5,Babbleblab,Shannan Hammett
504,"Fish - Atlantic Salmon, Cold",8,Demimbu,Dell Bulman
127,Longos - Chicken Curried,3,Digitube,Elfreda Humbie
963,"Yogurt - Peach, 175 Gr",6,Eazzy,Benedick Braybrookes
544,Compound - Orange,6,Photobean,Darell Sallings
523,Salt - Table,8,Yakitri,Marlie Spellsworth
306,Vinegar - Balsamic,0,Twiyo,Thorndike Moreno
785,Calypso - Black Cherry Lemonade,7,Babbleset,Yasmin Webborn
450,Pepper - Pablano,1,Jaloo,Dniren Wakefield
839,"Salmon - Atlantic, Skin On",3,Zoozzy,Cirillo Raysdale
146,Tarts Assorted,7,Thoughtworks,Hans Trevear
153,"Wine - Saint - Bris 2002, Sauv",8,Dabjam,Kris Dawltrey
629,"Wine - White, Riesling, Semi - Dry",7,Jaxbean,Niven Rabbet
281,"Juice - Tomato, 10 Oz",4,Tagcat,Nike Cowper
628,Whmis Spray Bottle Graduated,7,Realfire,Cicely Zoppo
275,Lychee - Canned,7,Realcube,Salvidor Jorissen
333,Compound - Strawberry,2,Ntags,Charis Pinsent
513,"Beef - Bones, Cut - Up",9,Dynava,Joanne Cuer
487,Wine - Mondavi Coastal Private,4,Thoughtblab,Aline Absolon
501,"Mushroom - Oyster, Fresh",1,Rhyloo,Marylinda Yokel
684,Garlic Powder,5,Flipstorm,Uri Buckbee
597,Coffee - Egg Nog Capuccino,4,DabZ,Romona Proffitt
217,Lambcasing,2,Devcast,Spike Coweuppe
410,Beef Striploin Aaa,1,Kaymbo,Jarid Coggan
542,Rice - 7 Grain Blend,9,Jabbersphere,Guglielma Boddymead
613,"Loaf Pan - 2 Lb, Foil",9,Shufflebeat,Gay Parfett
731,Chambord Royal,6,Skinix,Lissy Remon
801,Dip - Tapenade,5,Skyvu,Pammie Haining
885,Dried Figs,2,Bubblemix,Kleon Fellenor
421,Cheese - Blue,3,Myworks,Louie Birtwistle
852,Salad Dressing,1,Dablist,Cassi Sellors
189,"Pepper - Chillies, Crushed",2,Demivee,Gunner Manjin
682,Zucchini - Green,4,Jabbersphere,Freeland Rowat
221,Ecolab - Power Fusion,5,Fivechat,Bennie Scarisbrick
623,Beef - Kobe Striploin,0,Rhyzio,Casper Bourget
919,Chocolate - Liqueur Cups With Foil,10,Topicshots,Mavra Francescoccio
563,Onions - Green,4,Yamia,Esteban Paylie
651,Wine - Fume Blanc Fetzer,2,Yakitri,Barnett Sadry
108,True - Vue Containers,1,Photobean,Eachelle Lowin
694,Beets,7,Rooxo,Mikael Conklin
838,Cheese Cloth,0,Shuffledrive,Melania Ferreo
360,Sage - Ground,8,Voomm,Petronella Morby
419,Five Alive Citrus,4,Flashspan,Yevette Nuccii
867,"Shrimp, Dried, Small / Lb",6,DabZ,Noak Moulding
351,Wine - Chablis J Moreau Et Fils,8,Wikizz,Ulysses Dessent
392,Hersey Shakes,8,Youfeed,Adria Villaron
440,Sauce - Roasted Red Pepper,1,Centimia,Elberta Rannigan
526,Soup - Campbells - Tomato,9,Dabfeed,Elinor D'Souza
446,Tea - Herbal I Love Lemon,2,Photojam,Kaiser Kuhnert
308,Bag Stand,7,Browsebug,Mellisa Handover
579,Fuji Apples,10,Voonix,Noland Rapper
652,Lettuce Romaine Chopped,8,Vidoo,Thorin Simkiss
934,Wine - Maipo Valle Cabernet,8,Skipstorm,Myranda Benninck
215,French Pastries,4,Zoovu,Madonna Dunaway
984,Table Cloth 62x114 Colour,2,Divape,Romola Jack
829,Sachet,5,Yombu,Giles Bridywater
728,Shrimp - Tiger 21/25,9,Skiptube,Belita Wooller
722,"Vodka - Lemon, Absolut",7,Yadel,Rriocard Close
482,"Beef - Cooked, Corned",5,Buzzshare,Shel Layburn
353,French Pastry - Mini Chocolate,9,Feedspan,Kessia Sallows
511,"Cod - Salted, Boneless",10,Dabfeed,Alain Killock
792,"Beef - Ox Tongue, Pickled",5,Skinix,Miltie Curtois
704,Apples - Sliced / Wedge,4,Feedbug,Valeria Aldington
157,"Pineapple - Canned, Rings",9,Vimbo,Burnard Westerman
625,Cheese - La Sauvagine,6,Browsezoom,Innis Farra
582,"Artichoke - Bottom, Canned",2,Topicshots,Rosco Teodorski
130,Skirt - 24 Foot,0,Yodel,Kellina Sutworth
527,Sausage - Blood Pudding,1,Jaxbean,Lanny Challis
134,"Oil - Shortening,liqud, Fry",1,Eabox,Wendall Kitchin
250,Coffee Caramel Biscotti,6,Dynazzy,Celestyn Cogswell
759,Shrimp - 31/40,4,Yozio,Wally Digan
712,Tomatoes - Cherry,10,Quinu,Brita Dengel
868,Sauce - Hollandaise,5,Devcast,Oberon Tunno
304,Wine - Chardonnay South,1,Fatz,Wells Starbeck
398,Beef Striploin Aaa,1,Browsebug,Seana Wayper
687,"Yeast - Fresh, Fleischman",1,Meeveo,Corenda Sudron
731,Carbonated Water - Lemon Lime,5,Rhyloo,Essy Greene
353,Ecolab - Hand Soap Form Antibac,0,Twinder,Odie Fletcher
212,Tea - Lemon Green Tea,4,Babbleopia,Shelba Hardson
936,Paper - Brown Paper Mini Cups,3,Yata,Wilone Skippings
657,Bread Roll Foccacia,1,Thoughtworks,Brenda Raper
367,"Wine - White, Colubia Cresh",6,Rhybox,Reynolds Treswell
600,Bread - Multigrain,2,Centizu,Esma Tod
243,Gloves - Goldtouch Disposable,9,Miboo,Reiko McVicker
189,Lemon Tarts,9,Oloo,Gilligan Fanthom
193,Wild Boar - Tenderloin,5,Browsebug,Cassaundra O'Heffernan
375,Laundry - Bag Cloth,9,Skiba,Abe Grainge
302,Bacardi Mojito,8,Vidoo,Jerrine Tatterton
872,Kiwi,8,Thoughtstorm,Rochelle Gabitis
801,Beef - Short Loin,6,Innotype,Demott McKirton
305,Pastry - Baked Cinnamon Stick,3,InnoZ,Jess Drane
847,"Beans - Long, Chinese",4,Voonix,Ingrid Lytlle
180,Icecream - Dstk Strw Chseck,7,Yodo,Giselle Gloyens
405,Lemons,9,Viva,Rudolfo Pallesen
219,Carbonated Water - Strawberry,4,Bluejam,Renee Coucher
304,"Coconut - Shredded, Unsweet",3,Photobean,Robb Threlkeld
704,Pork Casing,0,Vinder,Ines Kollasch
728,"Soda Water - Club Soda, 355 Ml",6,Dablist,Keelby Frisel
943,Cheese - Shred Cheddar / Mozza,7,Buzzster,Minnaminnie Hodges
455,Lamb - Shanks,10,Rhynoodle,Cammy Derdes
594,"Wine - Red, Marechal Foch",6,Blogtags,Dwain Summerly
525,Wine - Sogrape Mateus Rose,5,Digitube,Hercule Slessar
623,Chinese Foods - Chicken,6,Avamm,Gerrie Doneld
949,"Doilies - 12, Paper",3,Leenti,Moshe Render
997,Wine - Casablanca Valley,10,Jetpulse,Hakim Blumfield
526,Broom - Push,5,Zava,Katusha Fredson
496,"Lamb - Racks, Frenched",1,Livepath,Giles Carding
359,Pasta - Cheese / Spinach Bauletti,9,Myworks,Cathryn Hallitt
588,Cookie Trail Mix,2,Yabox,Jedidiah Leate
671,Gelatine Leaves - Bulk,4,Cogilith,Caritta Laidlow
324,Pork - Smoked Back Bacon,9,Wikivu,Baxie Riceards
426,"Shrimp - Baby, Cold Water",2,Layo,Gerome Birchenhead
522,"Coconut - Shredded, Sweet",1,Gigazoom,Stern Whickman
622,Ecolab - Hobart Washarm End Cap,9,Dabjam,Philly Odney
878,Garam Marsala,1,Kare,Darin Argente
371,Lettuce - Iceberg,1,Chatterpoint,Viole Antonelli
125,Muffin Mix - Lemon Cranberry,7,Yakijo,Chaddie Pedroli
774,Food Colouring - Red,10,Centizu,Dareen Smallshaw
669,Table Cloth 62x120 White,0,Pixoboo,Tobi McSweeney
613,Capicola - Hot,10,Devify,Shir Cardello
612,Mikes Hard Lemonade,3,Voolia,Nikki Pere
115,Garam Marsala,9,Linkbuzz,Kincaid McGurgan
883,Tart - Raisin And Pecan,6,Agivu,Martyn Vequaud
728,Spice - Chili Powder Mexican,7,Wikivu,Loise Fritchley
149,Wine - Cotes Du Rhone,6,Zooveo,Delores Schruyer
142,"Beans - Kidney, Red Dry",3,Talane,Tanitansy Gorhardt
503,Dip - Tapenade,5,Avamm,Noah Antoniutti
989,Mini - Vol Au Vents,10,Quatz,Arther Hannent
604,Tea - Camomele,0,Tanoodle,Arlana Marston
145,Oil - Sunflower,6,Vidoo,Noach Burchess
471,Mini - Vol Au Vents,7,Eazzy,Max Clewlowe
982,Water - Green Tea Refresher,5,Twitterbridge,Corinne Juckes
759,Cocoa Feuilletine,0,Midel,Ninon Georgelin
694,Cookie Double Choco,0,Thoughtworks,Sharleen Rowell
779,Peppercorns - Pink,8,Tavu,Jory Bendig
441,Towels - Paper / Kraft,8,Chatterpoint,Tait Ashfull
