REPORT_ID,REPORT_NAME,REPORT_TYPE,REPORTER_ID,CAMERAMAN_ID,COLLECTION_DATE
346,Moyna Kingaby,visa-electron,714,429,04-Feb-2017
238,Abdel Ballentime,jcb,879,325,08-Oct-2015
478,Elton Raggles,americanexpress,494,769,31-Oct-2015
297,Howard Jeal,diners-club-enroute,530,688,20-Feb-2014
470,Maryanna Ryott,china-unionpay,196,474,18-Oct-2017
930,Berny Mitchelmore,mastercard,304,759,14-Dec-2016
713,Diahann Algore,jcb,143,835,29-Jan-2016
494,Alyson Royste,mastercard,490,665,12-May-2015
467,Thedrick Rockell,visa,980,859,11-Feb-2014
553,Kristine Chalder,jcb,701,725,27-Dec-2016
580,Darby Osgar,jcb,978,694,21-Jul-2017
743,Annetta Noon,switch,613,932,19-Apr-2012
943,Dina Wimes,diners-club-carte-blanche,651,258,15-Jan-2011
619,Eldon Spitell,visa-electron,913,397,29-Sep-2016
159,Johan Pineaux,maestro,553,678,18-Jan-2014
449,Marcello Deavall,jcb,277,441,09-Apr-2014
744,Hermon Nussey,jcb,854,504,12-Jun-2013
784,Sorcha Spry,maestro,722,639,10-Nov-2012
838,Cornell Worwood,jcb,117,889,21-May-2014
737,Clerc Koschek,jcb,395,818,19-Aug-2016
225,Kakalina Malham,diners-club-carte-blanche,324,776,26-Sep-2014
785,Malena McCroft,jcb,931,914,12-Dec-2012
703,Junia Watsam,instapayment,577,815,03-Apr-2016
977,Carina Joannet,jcb,333,171,21-Sep-2010
703,Obadiah MacKnight,americanexpress,961,938,23-Sep-2015
916,Marjy Bidder,maestro,649,446,06-Jul-2013
816,Hieronymus Shuker,jcb,532,459,10-Jan-2010
870,Stanislaus Ollerton,jcb,278,640,17-Apr-2015
407,Honey Yegoshin,bankcard,158,639,13-Aug-2017
651,Molly Blazevic,visa-electron,264,477,15-Jul-2011
291,Frazier Clementucci,laser,801,822,23-Jan-2010
260,Cristen Pendleberry,visa-electron,693,631,29-Apr-2012
306,Brandi Figgess,visa,827,136,15-Nov-2015
978,Thoma Tansley,jcb,377,387,29-Jul-2017
255,Klemens Keoghane,mastercard,597,447,01-May-2016
477,Berthe Crosier,laser,384,138,12-Mar-2014
419,Vasily Riply,jcb,346,754,01-Mar-2016
319,Gardner Helliwell,jcb,196,623,15-Mar-2012
710,Bertie Cairns,jcb,893,390,27-Jan-2013
210,Tadeas Vear,jcb,196,231,24-Dec-2013
605,Angeline Sabie,americanexpress,708,899,23-Feb-2015
531,Kora Rockingham,jcb,838,207,27-Sep-2010
949,Lowrance Kahane,americanexpress,406,835,07-May-2016
755,Garey Spinozzi,jcb,402,817,15-Sep-2015
961,Consolata Fyers,maestro,274,829,28-Aug-2017
436,Orson Tuffield,jcb,827,956,21-Dec-2013
135,Juline Hampton,jcb,307,262,11-May-2017
184,Ileane Honeywood,americanexpress,811,332,01-Apr-2011
712,Zacharia Kennington,jcb,364,728,03-Apr-2011
434,Milli Orrah,switch,662,316,14-Feb-2012
739,Lind Holcroft,jcb,153,285,18-Mar-2013
180,Betsey Howgill,jcb,992,763,20-Jun-2013
281,Willdon Wigsell,solo,809,660,24-Sep-2017
633,Winni McWilliams,diners-club-us-ca,314,580,25-Dec-2013
118,Agnesse Glanz,bankcard,150,805,23-Mar-2016
393,Claudia Dobrovolny,maestro,991,957,05-Apr-2017
932,Sonnnie Sherington,diners-club-us-ca,484,680,07-Sep-2010
176,Casi Clutram,jcb,626,280,25-Dec-2012
788,Grace Braybrooke,diners-club-us-ca,140,898,09-Dec-2014
617,Eugene Jandel,americanexpress,565,710,12-Mar-2011
769,Lazarus Barchrameev,diners-club-international,868,994,06-Nov-2010
110,Bink Dingivan,jcb,878,458,24-Dec-2011
858,Ruth Grint,jcb,252,374,14-Oct-2017
184,Bethina Merrisson,jcb,490,450,05-Sep-2014
792,Omero Vlasenko,maestro,823,775,11-Oct-2014
377,Niall Browncey,diners-club-enroute,325,527,19-Jul-2013
952,Merline Bordman,switch,581,800,04-Nov-2016
144,Atlante Mandy,jcb,720,150,09-Jan-2010
130,Chrissie Thiem,switch,151,360,11-Mar-2014
818,Teddi Durman,mastercard,168,560,17-Nov-2011
161,Olympie Iacapucci,jcb,592,895,18-Nov-2016
442,Rik Ledekker,jcb,971,644,28-Jan-2014
577,Ansell Ewen,mastercard,169,310,08-Dec-2013
647,Ginelle Benettelli,maestro,690,470,15-Nov-2010
617,Susanna Rundle,visa-electron,805,412,04-Feb-2016
691,Selle Joye,diners-club-enroute,713,327,17-Feb-2017
132,Huberto Leteurtre,jcb,324,768,22-Feb-2012
381,Amabelle Cranmor,jcb,360,588,24-Oct-2016
546,Stanislaw Goodricke,maestro,984,688,16-Jul-2013
462,Violette Tambling,jcb,225,128,18-Sep-2015
885,Petronille Dows,maestro,915,936,06-Feb-2015
548,Boote Luty,diners-club-enroute,325,924,02-Jul-2016
548,Carroll Crimp,switch,600,207,02-Jan-2011
118,Anatollo McVee,jcb,534,325,11-Aug-2016
995,Dyann Feaster,americanexpress,311,461,27-Nov-2012
371,Ross Nelissen,diners-club-enroute,402,797,12-Jul-2013
888,Cyrus Grason,jcb,985,624,22-Sep-2016
455,Jasmine Da Costa,jcb,218,558,01-Apr-2013
503,Lion Lyons,jcb,953,434,19-Dec-2010
876,Niki Noir,china-unionpay,867,538,19-Feb-2016
853,Austine MacRory,maestro,992,1000,22-Apr-2012
597,Neal Keiley,jcb,580,349,08-Dec-2013
157,Randy Presidey,switch,958,262,22-Apr-2017
788,Janna Baulk,maestro,828,416,13-Jul-2014
138,Carrissa Scotchmor,jcb,786,336,10-Jul-2016
248,Nap Chancelier,jcb,274,946,30-Jun-2012
598,Arlee Sommerlie,americanexpress,543,450,24-Oct-2010
479,Rickert Gillibrand,china-unionpay,616,478,21-Aug-2015
409,Clive Lynnitt,diners-club-carte-blanche,709,560,27-Feb-2013
589,Romonda Styant,bankcard,616,710,22-Apr-2016
413,Robin Dewitt,jcb,854,429,20-Dec-2010
341,Vida McReath,mastercard,359,772,17-Jul-2017
745,Starlin Abthorpe,diners-club-enroute,269,439,19-Aug-2014
876,Shayne McClenaghan,jcb,394,609,05-Nov-2016
708,Jacquenetta Ashington,switch,641,518,08-May-2010
944,Billy O'Nion,jcb,408,829,25-Jan-2015
940,Freeman Veljes,mastercard,849,778,21-Jun-2016
241,Florida O'Brollachain,jcb,494,149,30-Nov-2015
803,Herold Cuddihy,china-unionpay,260,394,08-Mar-2015
623,Eddy Forber,jcb,389,792,07-Sep-2014
559,Riane Brangan,jcb,354,214,11-May-2015
371,Filippo Walder,jcb,694,839,20-May-2015
904,Joli Smoughton,visa-electron,579,321,17-Sep-2016
946,Petronella Malim,americanexpress,380,848,02-Feb-2017
789,Creigh Sola,instapayment,630,742,29-Nov-2014
765,Joelly Noir,americanexpress,813,823,04-Mar-2016
331,Pia Petrazzi,jcb,114,963,14-Jan-2011
538,Noreen Palek,diners-club-us-ca,225,765,01-Apr-2014
557,Genovera Blaycock,diners-club-enroute,433,508,31-Dec-2017
570,Sasha Mackro,solo,441,427,13-Jun-2014
861,Payton Childe,jcb,658,409,09-Mar-2013
112,Jorgan Spitell,diners-club-enroute,123,613,08-Jul-2015
415,Nicolas Ambrosio,jcb,680,707,06-Dec-2012
346,Jordana Masseo,diners-club-carte-blanche,642,955,31-Dec-2013
785,Thurston Dow,switch,795,170,03-Mar-2010
568,Francyne Davenhall,mastercard,658,386,14-Feb-2012
869,Cesaro Berdale,mastercard,274,615,03-Oct-2017
288,Erich Lamboll,visa-electron,883,134,19-Feb-2012
380,Alon Feehily,switch,747,573,28-Nov-2011
440,Audie Krelle,solo,562,162,22-Oct-2015
575,Sandor Pearl,jcb,485,597,28-Apr-2011
793,Gertruda Dowsing,mastercard,962,630,25-Mar-2017
749,Haskell Nisbith,visa-electron,264,967,19-Oct-2011
853,Gustav Cobbledick,diners-club-us-ca,627,503,09-Aug-2016
363,Morie Edyson,mastercard,392,359,15-Sep-2014
902,Bartholomeo Nicklin,jcb,916,173,18-Feb-2011
894,Jayne Heavens,visa-electron,991,118,17-Mar-2013
270,Cordula Beall,americanexpress,660,244,24-Nov-2017
286,Grete Bamborough,jcb,481,412,10-Oct-2017
935,Jourdain Ashment,visa-electron,601,378,18-Aug-2010
807,Wenonah Scarlet,americanexpress,420,958,13-Dec-2010
699,Goldina Girth,china-unionpay,373,418,30-Nov-2015
107,Nike Massel,jcb,343,844,01-Jul-2010
368,Lavinie Bugge,jcb,166,823,14-Jun-2014
765,Westleigh Luckin,laser,345,334,15-Sep-2013
153,Nadia Stanway,jcb,787,981,08-Mar-2015
708,Russ Larcier,visa,979,492,26-Jan-2011
226,Jelene Pretor,instapayment,911,828,20-Sep-2012
636,Blake McTeer,laser,151,773,14-Jan-2016
331,Dion Harkess,jcb,408,375,23-Jun-2014
325,Bridie Terzo,china-unionpay,419,693,23-Nov-2011
740,Shamus Balling,instapayment,868,174,26-Jul-2014
844,Lou O'Loughnan,jcb,242,352,08-Feb-2013
696,Isador Arangy,switch,153,803,31-May-2011
365,Adolpho Haslam,jcb,981,919,08-May-2011
956,Wrennie Knutton,china-unionpay,739,552,20-Feb-2011
710,Brigit Duesberry,visa-electron,807,521,17-Jun-2017
862,Griffith Elsay,bankcard,356,872,29-Aug-2012
560,Horatia Germain,mastercard,511,864,02-Mar-2017
277,Kelsey Bunyan,jcb,855,937,23-Jul-2014
177,Sunny Meriton,jcb,212,779,09-Aug-2011
257,Nick Graeme,jcb,784,555,26-Oct-2011
779,Dahlia Livezey,instapayment,167,552,29-Aug-2010
605,Theresa Cuxon,switch,642,976,05-Jul-2011
964,Kessiah Ciccotti,americanexpress,889,902,17-Oct-2017
778,Zack Zelake,diners-club-enroute,852,568,30-Aug-2013
108,Cyb Tissiman,jcb,831,590,04-Oct-2016
909,Prentiss Felder,maestro,456,824,02-Jan-2012
908,Scarlett Brandino,diners-club-enroute,763,579,08-May-2011
157,Ethel Folger,jcb,217,927,04-Nov-2016
486,Sinclare Troughton,jcb,238,504,04-Feb-2014
535,Inglebert Draysey,visa,418,665,30-Jun-2013
701,Delainey Masserel,mastercard,878,791,27-Jul-2013
791,Katina Twydell,jcb,759,578,08-Nov-2013
308,Abbie Girardoni,jcb,844,583,09-Jan-2016
570,Alane Cubbinelli,diners-club-carte-blanche,702,869,26-Jun-2011
699,Zandra Yorkston,switch,148,683,02-May-2011
822,Kailey Dunthorne,switch,989,659,12-Nov-2014
565,Calley Lowensohn,switch,330,355,19-Apr-2015
793,Abel Grangier,mastercard,466,223,13-Sep-2010
810,Joeann Wooff,switch,497,731,02-Oct-2015
483,August Dowson,switch,826,520,13-Aug-2014
341,Liesa Fingleton,jcb,539,841,17-Dec-2017
416,Fonsie Doiley,jcb,571,927,26-Jul-2014
976,Stephi Durram,maestro,934,797,21-Aug-2014
220,Sileas Absolem,jcb,481,652,08-Jul-2015
104,Fayre Coners,jcb,549,264,06-Jun-2016
148,Barnaby McAllan,jcb,389,987,17-Dec-2012
252,Georgiana Beecraft,mastercard,485,357,15-Mar-2017
647,Gabbie Gartrell,jcb,121,486,26-Mar-2011
604,Margarita Juckes,jcb,657,862,03-Jan-2017
392,Cordie Giorgielli,jcb,122,476,05-Oct-2012
140,Jonell Greystock,switch,944,714,04-Oct-2014
589,Clint Camden,jcb,152,828,06-Sep-2017
373,Wolfgang Vezey,jcb,310,630,02-Oct-2014
771,Shell Baraclough,diners-club-carte-blanche,858,131,17-May-2011
681,Kara Lamcken,visa-electron,846,521,10-Sep-2013
612,Evin Brixey,jcb,159,280,26-Apr-2010
338,Bryn Gergher,solo,669,970,22-Mar-2010
420,Raf Gannon,bankcard,113,197,28-Jul-2015
228,Constantine Osler,jcb,964,490,05-Sep-2010
254,Llewellyn Parnall,diners-club-international,568,965,01-Jul-2017
921,Morgan Berzin,diners-club-enroute,595,659,11-Aug-2011
297,Annabelle Heaviside,jcb,123,862,25-Aug-2010
323,Chrissie Danis,jcb,709,509,08-Mar-2014
831,Marmaduke Vickers,bankcard,781,581,24-Jul-2015
948,Willie Jellybrand,mastercard,577,940,20-Jun-2015
798,Mabel Yuranovev,diners-club-enroute,393,403,07-Oct-2017
373,Gerrie Healey,diners-club-enroute,516,950,26-Jul-2012
867,Tova Leopold,jcb,964,180,21-Feb-2010
117,Rodolphe Fellman,laser,242,615,10-Dec-2014
450,Trenton Edridge,bankcard,802,836,27-Oct-2015
694,Puff Chaperling,mastercard,835,319,04-Jul-2015
578,Dana Mundwell,diners-club-international,466,976,05-Aug-2016
286,Skip Garnul,americanexpress,304,637,28-Jul-2017
660,Ryan Folling,jcb,319,720,26-Jul-2010
764,Vick Kendrick,diners-club-enroute,435,678,22-Sep-2014
771,Olvan Coyte,maestro,477,277,18-Dec-2016
899,Efrem Garroch,switch,469,895,26-Oct-2010
295,Daria Dunbobbin,mastercard,859,771,15-Jul-2014
681,Delcina Ormes,maestro,516,919,02-Feb-2017
174,Manny Minall,bankcard,282,651,08-Dec-2010
163,Emmit Feander,diners-club-enroute,719,422,31-Dec-2010
479,Phil Tregea,visa,200,474,18-Apr-2016
928,Nobie Stoner,mastercard,870,935,29-Aug-2017
915,Cristie Bunning,diners-club-carte-blanche,680,701,14-Aug-2016
283,Kattie Gorringe,americanexpress,183,788,18-Dec-2013
403,Farlay Cone,diners-club-carte-blanche,211,510,14-Aug-2010
722,Jo Cessford,visa-electron,475,902,09-Jul-2016
380,Bradford Harrington,jcb,398,907,10-Oct-2014
870,Theresita MacAnulty,mastercard,685,352,05-Nov-2017
980,Sebastian Kubalek,china-unionpay,910,558,31-May-2010
690,Myles Eltone,jcb,606,560,15-Oct-2014
693,Cristina Bielby,jcb,917,457,07-Dec-2017
721,Benn Trustey,jcb,707,978,29-Sep-2015
840,Cathlene Eve,visa-electron,156,905,29-Mar-2011
787,Ashbey Mardling,visa-electron,796,612,03-Nov-2010
636,Maryl Paskell,jcb,605,822,25-Dec-2010
518,Sidnee Wilmut,jcb,380,655,27-Sep-2015
403,Gerick Volett,jcb,820,616,03-Oct-2014
139,Joellyn McAtamney,visa-electron,145,885,01-Jan-2016
716,Cristen Gately,jcb,738,692,06-Jun-2012
530,Abbey Pegrum,jcb,265,225,06-Mar-2017
944,Beverley Cobbled,americanexpress,718,997,06-Sep-2010
550,Tabitha Hutt,instapayment,278,867,07-Oct-2017
142,Dwayne Astlett,jcb,520,128,11-Jun-2014
837,Miltie Wheelhouse,visa,835,888,01-Jan-2015
353,Jasmin Raveau,jcb,203,563,06-Aug-2013
469,Fabiano Geffe,jcb,569,672,09-Jan-2012
160,Noble Blanko,visa,651,191,24-Apr-2014
137,Katharyn Fairy,jcb,278,406,29-Apr-2011
320,Silvain Banghe,jcb,356,202,28-May-2010
813,Bradley Clifford,jcb,542,680,15-Nov-2015
764,Kit Felton,jcb,564,725,27-May-2017
504,Olivie Nuccii,china-unionpay,968,751,13-Sep-2015
702,Hillary Napoleone,jcb,681,970,30-Sep-2013
595,Britt Graundisson,mastercard,824,225,29-May-2010
564,Kipper Suttaby,bankcard,227,519,19-Jan-2010
418,Tonya Govier,jcb,658,218,25-Nov-2014
858,Federica Kemm,americanexpress,759,714,30-Mar-2015
622,Odetta Fluin,mastercard,956,112,06-Aug-2012
748,Franklyn McGiffin,switch,157,516,22-May-2015
244,Dredi Josselson,china-unionpay,453,384,31-Jan-2010
261,Farrel Fellon,diners-club-carte-blanche,573,428,30-Sep-2011
580,Garik Croote,jcb,629,206,02-May-2017
644,Gar Smallbone,jcb,306,833,13-Aug-2010
437,Laetitia Wiltshire,jcb,377,466,02-Aug-2012
873,Otes Bouchier,diners-club-enroute,866,964,04-Feb-2011
342,Norri Kurt,americanexpress,526,642,20-Mar-2016
113,Sybille Deboick,china-unionpay,727,663,14-Jun-2012
677,Lamar Crate,bankcard,964,436,04-Oct-2011
827,Benson Webber,jcb,894,172,14-Aug-2012
333,Jermaine Leathlay,jcb,438,657,03-Sep-2013
836,Lindon Linde,mastercard,116,196,16-Oct-2017
184,Kurtis Gueste,visa,885,606,27-Jan-2014
858,Evvy Stitfall,jcb,423,202,09-Sep-2017
977,Maryjane Crockford,china-unionpay,413,768,25-Jan-2016
755,Dalli Wehner,americanexpress,617,242,19-Aug-2014
159,Eugen Costello,switch,269,271,08-Nov-2013
851,Stevena Gouck,jcb,743,459,07-Feb-2012
255,Johan Behnen,diners-club-carte-blanche,921,273,16-Mar-2015
788,Jed Rounce,jcb,156,909,22-Oct-2013
462,Vernor Tesauro,americanexpress,686,121,11-Sep-2010
873,Vilma Nitto,diners-club-carte-blanche,625,940,17-Feb-2016
109,Merrill Fonteyne,americanexpress,671,597,28-Feb-2013
241,Manfred Carter,jcb,543,636,10-Sep-2011
547,Elyn Rylett,jcb,305,496,19-Jun-2014
518,Rubina Lowrance,visa-electron,840,198,05-Jun-2013
371,Livia Martin,bankcard,504,899,27-Jun-2013
242,Marthe Garrigan,mastercard,560,421,09-Nov-2011
271,Gaylord Sloan,jcb,167,787,01-Dec-2010
428,Barny McGall,maestro,919,458,02-Dec-2017
914,Josias Sayle,china-unionpay,227,537,01-Jun-2014
966,Nannette Anthes,visa-electron,731,115,14-Jan-2017
679,Caitrin Brunel,jcb,881,992,06-Dec-2015
936,Doll Ogelsby,jcb,865,383,05-Jun-2016
307,Dewie Habbema,maestro,670,204,18-Jul-2016
194,Celestyn Baulk,diners-club-carte-blanche,561,256,22-Jun-2013
309,Dylan Yeates,jcb,272,105,27-Apr-2012
334,Elvira Wort,diners-club-enroute,856,672,30-May-2012
982,Baillie Stienham,maestro,525,669,09-Jan-2014
175,Rabbi Sketcher,bankcard,502,569,27-Jul-2013
628,Tory Iacobini,visa,246,782,29-Aug-2015
462,Judie Stolberg,jcb,402,131,17-Dec-2012
931,Rachael Bunnell,jcb,252,550,23-Jan-2010
449,Krystal Bartlam,mastercard,533,186,16-Aug-2011
599,Heddie Powe,americanexpress,848,405,04-May-2012
206,Noelani Clyburn,switch,563,498,31-Aug-2011
805,Belinda Tomaszkiewicz,jcb,134,216,26-Jul-2015
455,Ettore Stathers,bankcard,181,445,29-May-2010
200,Berry Von Salzberg,switch,705,607,21-Oct-2011
587,Alameda Butrimovich,bankcard,555,951,31-Jul-2013
802,Smith Durno,jcb,111,534,08-Jul-2011
868,Idalia Yantsev,jcb,921,154,26-Apr-2011
643,Tess Spohr,switch,221,264,27-Apr-2013
140,Christan Bidwell,maestro,290,276,06-Apr-2010
802,Dniren Lewington,diners-club-carte-blanche,269,739,04-Jan-2016
302,Burg Armstead,switch,431,560,15-Dec-2016
427,Suzette Paniman,visa,636,183,19-Jan-2017
417,Donna Huske,china-unionpay,924,267,16-Oct-2016
628,Zenia Klemmt,visa,300,654,18-Oct-2014
754,Wendye Lucock,jcb,890,238,13-Jan-2016
225,Randi MacAndrew,jcb,992,475,23-Jan-2017
835,Martica Gensavage,jcb,586,534,21-Aug-2013
363,Evelyn Nestle,diners-club-carte-blanche,399,283,06-Jan-2014
383,Tootsie Boor,jcb,409,947,23-Oct-2015
233,Giacomo Zannetti,maestro,358,724,22-Nov-2016
649,Hubert Heinsh,jcb,157,492,07-Sep-2015
626,Urbanus McMurraya,solo,893,916,05-Feb-2014
400,Cristin Blyth,maestro,113,836,23-Sep-2011
239,Irina Earingey,bankcard,519,371,16-Nov-2011
409,Anders Kienle,solo,292,634,02-Sep-2013
950,Webb Duffil,mastercard,663,433,05-May-2016
870,Madelle McLugaish,laser,812,954,23-Nov-2010
410,Reynold Gleader,laser,319,974,12-Feb-2012
393,Margie Brecknell,diners-club-enroute,759,142,08-Dec-2012
842,Emmaline Catto,maestro,981,682,30-Jun-2017
946,Ruttger Blakes,switch,122,693,22-Dec-2015
901,Sollie McKue,jcb,823,314,09-Feb-2013
442,Andres Haith,mastercard,668,606,08-Jun-2017
403,Tate Runnacles,jcb,246,505,20-Mar-2013
942,Cyrus von Hagt,jcb,118,493,10-Dec-2013
843,Hanson Goolden,jcb,495,262,01-Nov-2015
113,Even Coleby,maestro,360,190,19-Apr-2011
849,Pavel Harrie,bankcard,516,564,08-Sep-2016
885,Halie Tytler,jcb,971,438,17-Dec-2012
588,Bendix Colam,jcb,408,471,21-Jul-2015
295,Livia Poyser,americanexpress,846,892,19-Feb-2011
370,Ardene Underwood,jcb,830,920,14-Jun-2010
648,Nancee Saintpierre,china-unionpay,390,771,22-Aug-2014
824,Miof mela Linebarger,china-unionpay,695,719,27-Jun-2017
437,Janetta Pashan,jcb,321,151,03-Aug-2016
118,Wini Berford,jcb,413,193,02-Oct-2010
693,Gracia Balling,mastercard,270,783,19-Jun-2012
273,Charmian Barhims,jcb,966,110,25-Mar-2017
273,Valry Guihen,diners-club-enroute,896,392,24-May-2017
249,Rana Boullin,jcb,127,139,13-Jul-2017
850,Andrea Dilliston,china-unionpay,645,794,04-Jun-2013
609,Tara Bownde,mastercard,453,911,30-Sep-2012
956,Valli Throughton,visa,895,468,11-May-2010
811,Starlin Duffet,jcb,588,449,20-Jul-2010
398,Gideon Rimmer,visa-electron,981,924,13-Nov-2011
777,Valaria Luty,instapayment,885,720,09-Mar-2014
553,Ag Anstey,mastercard,307,767,03-Nov-2014
849,Odille Brayson,bankcard,701,500,19-Apr-2016
733,Eden Fassmann,jcb,205,227,20-Jul-2015
279,Fiona Coatham,maestro,580,980,11-Apr-2011
859,Libbie Gallimore,jcb,435,781,14-Jan-2013
981,Fulton Omar,visa,134,178,22-Feb-2017
835,Granny Sorsbie,visa-electron,236,735,04-Jan-2015
381,Katinka Le Bosse,americanexpress,336,335,30-Sep-2015
613,Willy Kinnett,mastercard,516,291,22-Apr-2016
559,Tulley Guerro,jcb,881,600,12-Feb-2012
861,Abdel Kryzhov,visa,425,460,02-Jul-2015
584,Frederic Elmore,jcb,192,162,12-Aug-2016
713,Dorothea Lafrentz,diners-club-enroute,585,792,24-Apr-2015
116,Kip Huguet,jcb,927,874,06-May-2016
599,Germayne Blamey,laser,795,161,28-Jun-2016
346,Delia Lucia,jcb,679,289,25-Jan-2011
614,Dex Larwell,maestro,664,307,23-Jun-2012
925,Samantha Camamile,diners-club-enroute,215,847,15-Aug-2011
565,Elias McAree,diners-club-enroute,624,743,23-May-2017
681,Heidi Marushak,visa-electron,956,171,12-Jun-2011
940,Lucina Tonepohl,jcb,640,936,17-Feb-2016
856,Sig Hoggan,laser,129,179,29-Apr-2013
793,Ebenezer Caroll,switch,786,689,14-Jun-2013
506,Estell Canty,jcb,262,129,23-Mar-2013
200,Raffarty Corcoran,diners-club-carte-blanche,347,870,28-Aug-2011
881,Hillier Nears,jcb,376,146,14-Aug-2015
786,Sansone Demare,laser,257,512,05-May-2014
269,Winny Gillum,jcb,735,138,01-Oct-2017
239,Alejandrina McIlharga,jcb,146,383,21-Dec-2015
994,Roselia MacElharge,maestro,737,693,01-Mar-2016
216,Katti Rattery,switch,853,915,04-Mar-2010
190,Kassia Farnworth,jcb,231,292,04-Sep-2017
947,Tallie Masdon,diners-club-enroute,666,738,16-Jan-2014
147,Jaime Hugonnet,jcb,294,138,31-Dec-2013
775,Shelby Scard,americanexpress,916,681,16-Aug-2013
547,Ava Splaven,mastercard,122,357,05-May-2014
413,Marybelle Vost,maestro,629,734,28-Mar-2013
928,Flory McKeowon,jcb,445,748,19-Apr-2012
982,Glynis Ciepluch,jcb,577,719,11-Oct-2011
983,Mable Matuszewski,switch,422,594,23-Mar-2011
588,Padget Fourman,mastercard,105,544,17-Sep-2010
183,Dyann Pawsey,jcb,658,119,26-Nov-2015
353,Durante Mardy,jcb,547,653,31-Oct-2012
488,Cindra Crowcombe,visa-electron,532,731,19-Jul-2013
828,Faunie Schiementz,diners-club-carte-blanche,1000,825,27-Mar-2017
248,Garwin Moehle,jcb,575,117,13-Oct-2010
586,Barby Willcott,jcb,141,284,09-Sep-2013
578,Loy Tanner,mastercard,857,357,16-Jun-2013
944,Hadrian Chartres,mastercard,967,760,11-Nov-2017
837,Hilary Andrivel,jcb,230,468,09-Sep-2013
162,Tabbatha Champneys,jcb,506,933,06-Dec-2010
543,Lionello Hullot,jcb,407,578,10-Jul-2011
178,Kerianne Jouannin,jcb,394,429,17-Jun-2016
936,Halsey MacSherry,diners-club-enroute,166,426,13-Aug-2012
502,Romonda Filson,diners-club-carte-blanche,270,389,09-May-2011
703,Ives Siddon,jcb,925,606,22-Feb-2016
506,Noellyn Jakubovicz,visa-electron,764,841,10-Oct-2010
891,Jude Nodin,jcb,528,659,02-Jul-2015
943,Gal Cressy,jcb,104,299,02-Jan-2012
867,Naoma Vannar,jcb,746,173,12-Oct-2016
426,Forrest Heinreich,jcb,467,432,06-Feb-2015
298,Keri Scotchforth,maestro,531,795,22-Jul-2016
102,Kaine Tripet,jcb,940,449,26-May-2017
675,Deeanne Merrall,jcb,500,427,14-Jan-2013
925,Edythe Dowsett,jcb,751,127,14-Aug-2014
208,Jody Wark,china-unionpay,642,166,22-Apr-2015
496,Eustace Haggidon,maestro,182,280,27-Oct-2016
655,Frederic Hindrick,switch,780,690,04-May-2017
364,Jewell Fullstone,mastercard,806,765,14-Aug-2014
561,Lorrayne Bourhill,jcb,924,157,11-Jan-2010
655,Rutger Obell,jcb,674,174,21-May-2013
745,Mateo Keynes,jcb,588,201,25-Mar-2017
882,Waly Wadhams,jcb,543,445,19-Oct-2010
441,Debor Dallinder,jcb,892,892,14-Nov-2012
109,Irma Baukham,jcb,157,254,12-Mar-2016
570,Lenora Geraudel,mastercard,387,282,26-Apr-2017
521,Skipper Dominik,bankcard,732,390,09-Oct-2016
102,Wayne Snodden,jcb,236,879,29-Nov-2012
288,Joane Baudry,jcb,975,206,07-Sep-2016
133,Kennett Deverall,diners-club-enroute,863,228,25-Jan-2014
497,Jaquenetta Gotthard,americanexpress,271,512,24-Jan-2012
446,Carol Summerlie,solo,189,141,25-Mar-2016
225,Stace Stelljes,jcb,967,879,11-Feb-2016
619,Trula Misselbrook,jcb,702,511,02-May-2017
482,Ermentrude Michell,jcb,306,819,24-Aug-2015
344,Ker Schultheiss,visa,553,238,29-Nov-2016
888,Nerti Remirez,americanexpress,362,391,01-Nov-2011
899,Levey Bernholt,jcb,455,470,29-Jul-2010
378,Lev Eilhermann,china-unionpay,613,714,10-May-2013
864,Hughie Farlowe,maestro,262,878,17-Oct-2017
143,Terese Redbourn,diners-club-carte-blanche,934,460,21-Sep-2013
975,Sabine Gatecliffe,jcb,320,424,07-Jul-2016
870,Jenelle Sickert,bankcard,533,116,29-Aug-2010
653,Wright Andries,jcb,352,173,23-Mar-2017
727,Doe Lockyer,maestro,421,339,04-Jul-2014
659,Guglielma Douty,jcb,247,332,14-Jun-2016
564,Scott Clohisey,visa,750,871,09-Sep-2011
712,Tobit Brind,bankcard,589,536,26-Aug-2012
589,Lettie Genn,switch,994,955,11-Nov-2017
939,Marie-jeanne Sivier,diners-club-enroute,136,579,01-May-2013
471,Beverley Timberlake,jcb,693,813,04-Jan-2017
211,Blinnie Condict,jcb,227,534,23-Jan-2014
459,Lavinie McIlhatton,solo,734,881,30-Jan-2010
711,Izabel Yosifov,jcb,837,740,05-Apr-2010
981,Hillel Citrine,china-unionpay,140,164,13-Dec-2014
900,Janey Driffe,switch,579,405,06-Nov-2012
980,Yul Marlen,visa-electron,861,643,16-Nov-2011
541,Bobbe McNicol,switch,920,279,23-Mar-2012
942,Aylmer Gunbie,jcb,898,586,23-Jun-2011
956,Sophronia Megarry,jcb,787,721,26-Feb-2012
207,Tadio Kalinke,americanexpress,458,538,26-Mar-2013
478,De Zorn,bankcard,400,312,13-Mar-2013
422,Chaunce Scopham,jcb,474,569,02-Nov-2016
410,Nerty Buckbee,jcb,115,377,30-Oct-2016
478,Lia Edgecombe,maestro,789,979,30-May-2012
257,Obediah Fenners,jcb,342,305,22-Feb-2010
150,Livvie Clayal,jcb,412,254,16-Aug-2014
836,Keir Stoyle,jcb,548,868,10-Jun-2011
483,Lurette Hofton,bankcard,728,518,08-Sep-2014
857,Del Pudding,maestro,658,807,25-Oct-2017
959,Ulric Anthon,jcb,626,690,22-Nov-2014
185,Sonny Plose,visa,360,505,30-Aug-2013
510,Isak Saunderson,diners-club-us-ca,837,320,08-Jun-2013
667,Nelia Rorke,jcb,256,958,11-Sep-2016
619,Cammy Perocci,mastercard,696,818,19-May-2013
464,Jen Facchini,mastercard,241,227,27-Jun-2012
486,Winslow Creek,jcb,280,766,12-Dec-2014
770,Brant Klasing,jcb,879,986,03-Nov-2015
656,Elli Calliss,switch,398,569,17-Dec-2010
242,Vittorio Joberne,mastercard,102,173,14-Jun-2013
769,Iago Rulf,instapayment,193,787,28-Oct-2012
197,Burg Laverenz,china-unionpay,702,656,16-Feb-2016
214,Alasteir Kezor,jcb,769,674,22-Apr-2014
330,Josefina Cawkwell,jcb,839,976,17-Mar-2014
149,Ruddie Goslin,bankcard,661,934,04-Jan-2018
380,Minor Cicerone,diners-club-enroute,422,977,06-Feb-2013
994,Delmar Immer,jcb,786,317,11-May-2011
922,Sigvard Dolan,diners-club-us-ca,220,356,26-Jul-2010
545,Pierson Punyer,jcb,738,579,25-Aug-2016
760,Brice Sanders,mastercard,427,660,14-Feb-2012
859,Ray Langhor,diners-club-carte-blanche,715,734,03-Jun-2016
436,Court Dukelow,china-unionpay,351,473,27-Sep-2017
492,Morgun Farady,jcb,178,485,22-Jan-2015
913,Malissia Ingolotti,jcb,443,165,30-Oct-2010
557,Wat Crowe,americanexpress,579,400,16-Jan-2011
950,Hall Whieldon,jcb,559,115,23-Nov-2012
370,Pauly Ghio,jcb,403,731,27-Aug-2016
455,Meryl Boyton,jcb,714,498,02-Aug-2012
523,Web Martynov,visa-electron,191,740,28-Nov-2015
232,Griffin Izacenko,jcb,799,627,24-May-2011
292,Stillman Baird,diners-club-enroute,677,816,22-Apr-2016
105,Ashla Arthy,switch,298,847,10-Aug-2013
390,Thorndike Matyukon,mastercard,414,643,29-Aug-2010
645,Tabbie MacKonochie,visa,168,891,29-Jan-2010
307,Osbourne MacAnellye,jcb,824,479,19-May-2010
168,Torrie Patton,americanexpress,826,358,01-Feb-2016
889,Kylie Powell,americanexpress,296,443,28-Jul-2012
311,Marcie Cowp,americanexpress,691,754,27-Jul-2017
825,Leta Heskins,diners-club-enroute,192,219,07-Nov-2010
657,Gilda Bulter,visa,454,537,05-Jun-2012
409,Cristobal Earpe,jcb,929,149,17-May-2013
628,Norrie Maving,diners-club-enroute,830,957,23-Nov-2010
865,Dermot Leamy,mastercard,408,383,28-Mar-2017
958,Lindsey Blaisdale,bankcard,985,454,08-Mar-2010
563,Keven Lewknor,bankcard,813,478,29-Nov-2010
816,Ailey Pedrocchi,diners-club-enroute,849,234,11-Dec-2017
272,Amalle Fullerton,maestro,341,468,14-Jul-2011
819,Koo Satchell,jcb,986,757,07-Feb-2012
362,Jere Beagen,jcb,444,494,31-May-2014
965,Maddalena Gussin,jcb,713,472,03-Nov-2012
921,Cynthea Mayhou,jcb,489,757,11-Jan-2016
708,Lyle Davidwitz,jcb,589,235,05-Jul-2017
400,Janessa O'Drought,jcb,566,789,11-Oct-2013
630,Brett Stiven,diners-club-enroute,939,545,13-Jun-2012
175,Mildred Spivie,visa,278,130,26-Jan-2014
437,Dasi Gonsalvez,switch,398,669,25-Jun-2015
582,Revkah Odde,americanexpress,261,817,07-Aug-2013
434,Allie Priestner,jcb,203,166,12-Sep-2017
782,Glynda Wandtke,visa,130,714,01-Nov-2014
321,Janaye Hesser,bankcard,973,601,04-Mar-2015
137,Mead Ingham,diners-club-carte-blanche,809,549,25-Dec-2015
189,Orlan Salt,jcb,943,262,07-Feb-2017
848,Stanfield Downing,diners-club-carte-blanche,215,776,07-Oct-2010
871,Cortney Dibdall,jcb,499,243,25-Jun-2010
801,Clement Gaskal,laser,822,811,05-Oct-2011
866,Jessica Wornham,mastercard,738,119,23-May-2016
108,Stearn Pennoni,diners-club-enroute,146,428,08-Jan-2012
130,Henrietta McIlwain,laser,449,555,23-Jul-2013
779,Perry Patley,jcb,463,685,26-Jun-2017
974,Winni Kitchingman,bankcard,706,259,10-Jun-2017
176,Miller Krug,laser,166,804,27-Jul-2015
613,Malorie Keinrat,mastercard,155,406,15-Feb-2011
957,Neala Andrei,jcb,819,198,11-Dec-2016
796,Prudi Tanman,bankcard,866,803,03-Dec-2017
662,Julienne Heatlie,bankcard,214,458,28-Nov-2016
844,Winston Scamel,jcb,806,216,02-Dec-2011
839,Ronald Pirkis,maestro,582,803,27-Jan-2012
630,Shayne Faragan,jcb,342,177,29-Sep-2015
978,Junie Cains,china-unionpay,935,132,12-May-2015
666,Oates Mutch,jcb,463,559,23-Nov-2016
760,Missie Crighten,instapayment,208,907,13-Feb-2017
444,Lindsey Baggs,mastercard,121,198,01-Jun-2014
407,Tadeas Eshmade,mastercard,738,617,15-Nov-2015
345,Aeriell Alford,jcb,759,534,30-Aug-2014
213,Barn Yandell,switch,929,324,09-May-2013
248,Arlie Gossan,jcb,219,975,04-Jan-2016
163,Kalina O'Fallone,visa-electron,432,276,24-Jul-2010
692,Walsh Branthwaite,mastercard,363,237,04-Mar-2012
628,Gasparo Kerfoot,jcb,629,717,14-Mar-2012
123,Bessy Cross,diners-club-carte-blanche,215,628,11-Jan-2010
169,Gertrud Wetheril,jcb,568,459,19-Nov-2016
823,Lynnett Darwent,jcb,295,818,24-Jul-2013
359,Whitby Rubinshtein,jcb,965,561,06-Jan-2011
355,Niles Ricco,jcb,504,900,31-Oct-2013
233,Stephi Sailer,jcb,974,165,21-Jan-2011
695,Rab Berks,diners-club-carte-blanche,582,443,20-Feb-2014
510,Lu Janowski,jcb,675,833,10-Apr-2014
438,Ermanno Huish,diners-club-carte-blanche,330,988,02-Jan-2015
685,Malorie Comber,jcb,374,472,12-Oct-2013
367,Laurens Marriage,maestro,339,506,25-Feb-2013
732,Melisande McKissack,jcb,852,796,02-Dec-2010
815,Aaren Suff,mastercard,427,357,12-Dec-2014
315,Albrecht Normansell,bankcard,842,943,26-Oct-2015
904,Dacy Tibalt,visa-electron,483,520,20-Oct-2010
249,Jacquie Clawley,jcb,448,904,27-Oct-2013
921,Lani Blaydon,visa-electron,963,723,26-Jul-2012
314,Merralee Laurens,visa-electron,747,897,10-Mar-2010
733,Guntar Dewfall,jcb,789,653,04-Mar-2010
128,Katharyn Schultes,maestro,496,504,08-Mar-2013
387,Rhett Fifield,mastercard,541,937,24-Oct-2015
617,Ginny Hachette,bankcard,480,918,30-Sep-2014
413,Hanny Golland,jcb,843,462,06-Jun-2010
348,Bink Arlett,jcb,981,730,28-Sep-2017
316,Elaina Balsillie,bankcard,447,546,28-Dec-2014
454,Easter Gosalvez,jcb,121,271,25-Jan-2013
582,Augie Rosten,visa,469,825,15-Jan-2013
714,Yoshi Courtliff,jcb,230,845,17-Nov-2013
792,Cassie Jeaffreson,diners-club-carte-blanche,229,848,12-Aug-2010
813,Allegra Idwal Evans,jcb,881,918,23-Apr-2010
530,Starlin M'Quharg,laser,177,567,04-Mar-2011
289,Abagael Mucklestone,jcb,383,664,14-Aug-2012
790,Salim Ible,switch,338,861,10-Apr-2017
718,Quintus Dall,maestro,963,267,05-Jul-2017
282,Duky Latek,jcb,582,278,10-May-2010
689,Gaby Aubert,mastercard,367,780,14-Nov-2010
883,Ebonee Jesper,jcb,376,131,09-Dec-2010
752,Ben Curmi,jcb,341,785,27-Aug-2017
442,Crysta Wiltsher,visa-electron,154,574,02-Mar-2010
717,Wilmette Lecount,solo,194,546,26-Sep-2013
827,Feodor De Ruggero,bankcard,833,995,02-Nov-2011
451,Shaylyn Hillburn,jcb,103,308,08-Oct-2016
570,Ulick Eastope,jcb,635,728,28-Sep-2011
131,Ruthe Dixson,china-unionpay,954,316,22-Mar-2012
837,Bibbie Capstake,visa-electron,821,580,05-Aug-2017
473,Modestia Bousquet,maestro,974,670,10-Dec-2017
745,Ellette Lethley,switch,248,664,22-Jan-2010
183,Leese Kolakovic,jcb,556,854,09-Oct-2011
401,Cahra Ferrierio,visa-electron,763,137,14-Jan-2016
923,Loleta Oxbrow,switch,724,519,19-Feb-2012
123,Elvyn Juliano,instapayment,179,116,10-Feb-2011
438,Korey Rieger,diners-club-carte-blanche,367,474,28-Jan-2014
741,L;urette MacAdie,jcb,958,744,22-Dec-2015
290,Edan Jerzak,mastercard,496,728,09-Sep-2011
523,Sandi Peirone,visa-electron,567,696,30-Jun-2010
871,Audy Yallop,jcb,650,237,24-Feb-2016
279,Laurella Nethercott,jcb,282,967,25-Feb-2016
508,Gene Goodlake,instapayment,603,247,08-Dec-2011
909,Laney Birtonshaw,bankcard,579,413,10-Nov-2013
867,Quinton Rattenberie,jcb,771,750,25-Jun-2015
300,Reagan Liccardi,diners-club-us-ca,973,457,04-Jun-2013
428,Page Canavan,jcb,888,650,12-Feb-2015
825,Lucian Espinazo,jcb,133,434,18-Jul-2013
246,Pammy Lemerie,diners-club-carte-blanche,810,588,06-Dec-2015
336,Molly Sanzio,americanexpress,578,742,19-Sep-2016
762,Hollie Bomb,jcb,433,916,28-Jul-2013
987,Hilton Grimmert,jcb,773,347,22-Jul-2015
252,Bernardina Addy,jcb,103,877,16-Dec-2012
254,Cathrine Eldritt,diners-club-international,748,245,14-Aug-2015
317,Donalt MacIlraith,jcb,642,563,19-May-2011
390,Kakalina O'Cleary,americanexpress,470,396,28-Feb-2010
939,Rosy Cyphus,bankcard,777,476,19-Mar-2013
361,Aarika Edmonson,jcb,556,374,05-Jan-2011
209,Gabrila Maywood,solo,283,731,20-Sep-2012
354,Maxine Deaton,visa-electron,277,764,04-Aug-2011
555,Georgeta Fuzzens,mastercard,231,468,11-Jun-2015
731,Oliy Brugemann,jcb,660,802,23-Jul-2012
979,Ian Botwood,switch,542,119,06-Jun-2016
305,Shanon Kinch,diners-club-carte-blanche,933,368,14-Dec-2014
679,Trixi Petrus,jcb,329,250,08-Jul-2010
787,Lacee Flello,china-unionpay,171,627,19-Apr-2011
276,Andreana Kornilyev,visa-electron,827,583,22-Jul-2014
535,Chere Woodward,visa,401,715,19-Jul-2011
497,Aubrie Riseborough,solo,191,367,21-Jan-2013
629,Calida Trosdall,jcb,877,833,29-Jul-2014
908,Samuele Simunek,jcb,844,258,03-Dec-2013
990,Reade Robichon,jcb,152,101,03-Aug-2012
219,Gaby Stennard,diners-club-enroute,198,100,03-Apr-2012
104,Cornie Bareham,bankcard,267,837,01-Aug-2016
321,Patton Sjostrom,jcb,187,327,27-Mar-2013
707,Jo ann Goffe,americanexpress,601,352,01-Apr-2017
728,Robinetta Forcade,jcb,771,724,27-Jun-2013
753,Winny Flew,laser,837,819,14-Jan-2017
760,Delly Tite,jcb,311,608,22-Jan-2013
177,Phylis Kilfeather,switch,964,145,10-Mar-2016
426,Nathalie Search,maestro,835,161,25-Oct-2010
970,Gilligan Kingerby,switch,443,804,22-Dec-2010
834,Chaim Kenset,jcb,180,591,30-Oct-2014
838,Murial Redgewell,mastercard,117,376,02-Oct-2011
592,Hagan Fridaye,diners-club-enroute,546,959,25-Sep-2014
507,Pat Vedekhin,mastercard,489,115,07-Sep-2012
895,Brant Ferraron,americanexpress,441,247,26-Feb-2015
469,Danya Gerard,jcb,178,649,22-Mar-2014
636,Dusty Buggs,jcb,912,237,28-Jun-2010
992,Junia Catcheside,switch,630,407,07-Jun-2014
130,Willdon Behning,jcb,762,347,17-Sep-2013
402,Ardra Roscam,jcb,558,214,10-Mar-2014
243,Artur Gyurkovics,visa-electron,392,637,06-Jul-2011
989,Vilhelmina Strephan,jcb,127,854,02-Oct-2015
324,Elise Mariault,maestro,105,648,09-Oct-2011
252,Jeri Uglow,switch,875,978,30-Jan-2011
388,Elladine Garlick,jcb,246,270,17-Mar-2014
269,Eugenie Snell,jcb,574,771,18-Jun-2016
642,Winnie Sibbs,jcb,955,873,16-Sep-2011
141,Patsy McIndrew,mastercard,599,594,22-Jan-2015
299,Yuma Ace,maestro,950,556,03-May-2017
307,Alys Dowling,mastercard,362,671,03-Mar-2014
486,Daniel Tootell,laser,310,194,01-Feb-2010
981,Susy Lyosik,bankcard,508,748,08-Feb-2015
356,Payton Rockwill,jcb,754,720,23-Nov-2014
304,Ulick Shillaker,solo,444,496,04-Nov-2012
947,Gawain Althorpe,switch,652,480,16-Feb-2015
291,Elnar Craddy,jcb,663,831,02-Feb-2016
591,Tann Camble,visa-electron,244,528,09-Jul-2010
106,Janeen Lamerton,jcb,460,788,21-May-2012
622,Morgan Fairbank,jcb,639,429,07-May-2010
833,Shandee Ludgrove,visa-electron,352,540,19-Sep-2014
151,Fran Summerlee,jcb,328,581,17-Aug-2013
448,Rock McIlwraith,visa-electron,401,655,05-Jun-2016
202,Cecil Pluthero,mastercard,740,896,13-Jul-2012
316,Jerry Botwright,diners-club-enroute,625,560,24-Mar-2015
509,Ardith Reubens,jcb,387,524,20-Mar-2012
180,Maisie Blunden,jcb,996,252,07-Jan-2016
443,Durward Guirard,maestro,710,561,04-Aug-2010
738,Bili O'Noulane,diners-club-carte-blanche,971,338,05-Jan-2012
319,Greggory Enrrico,instapayment,682,437,03-Feb-2015
348,Saundra Breffit,china-unionpay,714,702,29-Aug-2012
908,Timothea Apfler,diners-club-us-ca,498,512,29-Mar-2010
292,Fan Aingel,jcb,365,326,03-Sep-2011
707,Kellen Croux,jcb,309,540,03-Sep-2012
194,Sophi Simmonett,maestro,802,241,06-Feb-2011
203,Phineas Kembley,mastercard,106,842,01-Mar-2016
442,Jody Benson,jcb,480,815,09-Nov-2012
675,Adaline Culwen,visa-electron,468,527,08-Mar-2014
752,Sheila Roistone,diners-club-enroute,760,753,25-Apr-2017
200,Graeme Tregear,mastercard,475,946,01-May-2017
169,Bathsheba Plumbley,bankcard,879,424,30-Jul-2012
342,Mirella Wayt,mastercard,499,102,04-Nov-2017
481,Marcelo Loveredge,bankcard,1000,350,15-Jan-2014
756,Cullen Huie,solo,989,498,25-Nov-2013
134,Inigo Bockett,jcb,241,824,01-Aug-2010
256,Herold Bougourd,jcb,390,765,08-Feb-2011
428,Alis Russi,diners-club-carte-blanche,922,545,07-Oct-2013
620,Dene Yeowell,solo,439,904,30-Oct-2013
265,Nicol Oneill,jcb,128,720,03-May-2013
677,Nap Ricardo,jcb,587,731,02-Jul-2016
299,Donni Rainsbury,jcb,241,353,27-Mar-2012
859,Carma Upston,bankcard,767,886,03-Feb-2016
196,Gabbi Dowdle,jcb,429,614,20-Jun-2011
580,Gris Elphinston,diners-club-enroute,197,291,10-Mar-2016
841,Jo Aindriu,jcb,809,641,10-Jan-2013
522,Ursuline Bovey,jcb,335,413,24-Feb-2016
907,Nonah Diggle,switch,640,996,28-Feb-2013
166,Phyllis Desforges,jcb,720,951,09-Jun-2014
517,Ambrose Druitt,solo,642,674,30-Jan-2017
924,Tillie Passe,jcb,899,116,14-May-2015
495,Liva Ruggen,jcb,477,623,11-Jul-2013
296,Fraze Worgen,jcb,302,903,13-Jul-2017
350,Siobhan Jesty,jcb,940,488,24-Dec-2013
474,Maighdiln Bursnoll,jcb,252,257,19-May-2013
454,Natalya Kitcher,bankcard,630,888,26-Jun-2012
240,Arvin Millican,mastercard,709,518,11-Jul-2012
873,Jackie Bentote,china-unionpay,349,518,23-May-2014
570,Nevil Fidian,jcb,967,591,05-May-2013
680,Irvine Klauer,china-unionpay,979,175,03-Aug-2014
526,Dame Scamp,visa-electron,249,601,25-Jun-2011
870,Brett Curtain,jcb,187,335,10-May-2010
643,Kata Dawney,americanexpress,359,817,14-Aug-2012
484,Megen Caddies,bankcard,248,790,16-Nov-2015
755,Horatia Warland,jcb,561,765,26-Aug-2012
495,Tilly Matheson,diners-club-carte-blanche,434,831,14-Oct-2017
911,Joly Sinnott,diners-club-international,915,531,28-Apr-2012
736,Ernesta Rapp,visa-electron,287,513,03-May-2012
299,Arin Humbles,maestro,849,457,18-Feb-2014
424,Loren Muckersie,jcb,444,280,27-Mar-2010
285,Jory Sharpless,mastercard,308,111,19-Jul-2013
446,Alicea Bottom,visa-electron,699,523,09-Jan-2013
950,Anette Ayliff,maestro,474,168,19-Sep-2016
232,Louisette McClinton,mastercard,558,828,23-Nov-2011
312,Allayne Pomeroy,diners-club-enroute,504,540,17-Jun-2012
620,Lorita Humburton,jcb,806,495,30-Mar-2012
876,Walsh Heaphy,diners-club-carte-blanche,638,740,11-Jan-2015
248,Ariel Skein,jcb,711,245,17-Apr-2013
756,Justen Angood,jcb,562,366,24-Mar-2017
694,Bogey Tieman,diners-club-carte-blanche,127,412,21-Nov-2012
203,Jerrilyn Frear,jcb,343,944,29-Mar-2016
626,Pammie Brockhurst,jcb,118,957,08-Dec-2014
509,Malva Whoston,diners-club-international,790,992,24-Aug-2012
284,Roxanna Sandever,jcb,270,329,21-Apr-2012
907,Perceval Beacroft,diners-club-carte-blanche,189,731,20-Feb-2014
630,Karlis Smurfit,jcb,217,156,27-Jun-2017
665,Ashly McVeigh,maestro,501,875,21-Jul-2015
459,Archibald Oke,mastercard,342,916,14-Jul-2010
512,Deena Caughan,jcb,642,605,25-Oct-2014
143,Suzann Padden,china-unionpay,204,651,29-Jan-2013
955,Deane Kurt,mastercard,369,223,03-Nov-2013
343,Gibby Smallridge,maestro,289,641,06-Jan-2012
557,Tonnie Stemp,mastercard,750,941,06-May-2015
608,Jamey Eagleston,jcb,976,419,19-Oct-2013
607,Kennie Ferronel,jcb,214,417,13-Nov-2011
764,Way Pech,jcb,651,764,11-Aug-2015
329,Jeth Klosa,bankcard,474,324,27-Oct-2011
687,Leonerd Clibbery,jcb,744,421,01-Aug-2013
950,Fee Semor,jcb,398,796,31-Mar-2010
895,Karlotta Smartman,jcb,971,224,22-Feb-2011
411,Bonnee Munkley,diners-club-carte-blanche,889,963,13-Jun-2010
490,Skippy Corbie,maestro,165,935,24-Sep-2011
326,Kristin Webby,jcb,101,846,06-Feb-2011
672,Melisandra Banaszewski,jcb,826,867,22-Aug-2011
825,Ed Shemwell,jcb,433,875,09-Jul-2014
623,Savina Reinbach,diners-club-carte-blanche,150,915,20-Jan-2015
646,Marco McGuiney,jcb,255,802,16-Aug-2014
920,Milicent Whilder,jcb,374,515,08-Feb-2017
954,Violante Mathie,jcb,358,648,09-May-2015
538,Raul Crier,visa-electron,799,609,29-Jun-2016
901,Hermann Musto,maestro,500,755,30-Dec-2015
971,Land Randals,mastercard,638,271,23-Jan-2010
257,Ivett Lowndes,mastercard,383,955,16-Jul-2017
109,Klarika Madge,bankcard,265,683,12-Dec-2017
156,Lock Bunstone,jcb,161,623,08-Feb-2012
538,Jenelle Forsaith,china-unionpay,735,828,08-Dec-2011
741,Byran Breznovic,americanexpress,489,647,02-Apr-2016
345,Saunderson Matthewson,jcb,815,772,16-Aug-2017
550,Electra Claypole,solo,254,105,07-Dec-2013
651,Arni Rudge,jcb,588,837,05-Jul-2010
645,Nobe Selvester,jcb,832,954,26-Jun-2012
435,Sawyere Alvy,jcb,350,891,10-Mar-2011
919,Teressa Chatwin,bankcard,650,854,18-Jan-2013
871,Mollee Mathers,americanexpress,228,415,15-Oct-2013
464,Bunnie Calow,solo,636,861,27-Mar-2017
198,Kirbie Saunper,jcb,423,171,21-Oct-2012
198,Louella Clemenzi,americanexpress,272,434,08-Dec-2013
221,Bucky Patton,americanexpress,457,481,22-Apr-2015
443,Barby Blaes,mastercard,286,456,10-Oct-2012
623,Broddy Bullocke,jcb,440,640,20-Oct-2014
917,Clevie Gebhard,visa-electron,845,688,30-Jul-2017
997,Jarrett Threadkell,jcb,652,700,04-Mar-2016
587,Kelly Yitzovitz,jcb,172,429,18-Feb-2013
859,Rogers Brende,jcb,755,341,20-Feb-2015
467,Vivi Bodman,americanexpress,951,301,06-Mar-2012
193,Errol Harvey,jcb,668,586,25-Dec-2017
205,Matti Garwood,jcb,379,401,05-Jun-2014
288,Carine Elden,laser,660,109,19-Dec-2015
529,Elspeth Duddin,switch,202,550,08-May-2011
214,Roger Petry,jcb,565,150,13-Nov-2015
370,Burch Gobel,maestro,294,472,13-Jan-2013
226,Aloin Prosch,jcb,681,463,21-Sep-2016
447,Esdras Dahlman,jcb,488,731,12-Jun-2011
580,Ambrosius Coatman,mastercard,696,305,09-Sep-2011
871,Sorcha Munt,maestro,539,113,29-Nov-2016
414,Emery Blowne,maestro,933,934,18-Oct-2014
832,Douglas Dominick,diners-club-us-ca,324,375,10-Mar-2013
365,Krysta Rosevear,jcb,232,114,29-Aug-2011
184,Sal Millwater,jcb,227,900,13-Mar-2014
386,Teodor Speakman,jcb,454,873,24-Sep-2011
938,Judith Jepensen,bankcard,317,406,07-Jul-2017
768,Jordan Beston,jcb,800,388,30-Dec-2012
885,Ewart Alldis,diners-club-carte-blanche,962,506,17-Mar-2016
819,Bert Vigours,jcb,848,575,17-Feb-2015
318,Pansy O'Farris,mastercard,537,122,03-Dec-2017
501,Jaine Paylor,jcb,596,704,23-Feb-2013
629,Bernadene Posselt,jcb,938,935,07-Aug-2014
708,Daphna Baildon,diners-club-carte-blanche,417,420,04-Apr-2016
938,Nyssa Rubinov,jcb,343,685,16-Jun-2013
233,Eustace Garretson,visa-electron,595,157,22-May-2010
202,Kristos Dudgeon,china-unionpay,688,682,07-Oct-2012
441,Roxie Kless,jcb,770,501,28-Jan-2012
274,Verna Spaldin,instapayment,691,479,03-Oct-2013
898,Neddie Revie,maestro,315,244,12-Jun-2011
317,Oralia Ingold,maestro,525,862,06-Jul-2014
539,Philippe Camplejohn,bankcard,950,954,16-Jun-2012
908,Nicole Manntschke,china-unionpay,618,844,05-Nov-2015
892,Lucius Wendover,mastercard,967,134,07-Dec-2011
978,Keefer Mattheeuw,diners-club-us-ca,200,198,08-Nov-2015
497,Grannie Mitie,solo,953,643,20-Oct-2017
240,Twila Dominichelli,americanexpress,915,279,01-Apr-2012
795,Hewie Moorerud,diners-club-enroute,263,476,22-Mar-2016
623,Gris Noulton,visa-electron,640,788,12-Apr-2015
660,Jerome Gohn,china-unionpay,501,560,13-Dec-2013
738,Giavani de Savery,jcb,224,156,20-Aug-2015
283,Richmond Castanho,mastercard,794,768,08-Jan-2017
288,Reena Granville,jcb,319,954,24-Apr-2013
840,Jeanie Hatter,jcb,496,218,19-Jul-2017
847,Guenna Barff,mastercard,924,889,19-Jun-2016
949,Early Winborn,bankcard,616,680,23-Jan-2017
151,Carson Christophle,laser,214,315,28-Aug-2010
786,Drusi Kemwall,jcb,255,372,16-Jan-2014
994,Mirella Trevena,jcb,123,211,26-Aug-2014
324,Butch Whitticks,instapayment,377,510,28-Jul-2016
869,Anthiathia Joplin,jcb,469,460,23-Oct-2013
766,Lyndsey Caen,jcb,882,225,23-Feb-2016
662,Barbette Melan,jcb,802,446,01-Apr-2012
467,Dorette Champkin,jcb,150,860,06-Aug-2013
572,Tommy O'Coskerry,jcb,748,238,06-Jul-2010
921,Dniren Pickance,mastercard,441,424,25-Feb-2010
104,Luisa Emery,mastercard,768,532,07-Nov-2012
751,Cirilo Novacek,visa-electron,546,434,05-Mar-2014
935,Teddy Andreou,china-unionpay,809,469,03-Aug-2013
734,Reinwald Koche,visa-electron,607,917,20-Mar-2012
376,Dorri Fries,jcb,533,121,31-Jan-2015
715,Ernst Nevitt,instapayment,379,780,13-Feb-2015
434,Tommi Letcher,visa-electron,912,182,20-Jun-2017
335,Jasper Ceccoli,diners-club-carte-blanche,688,559,06-Apr-2010
385,Fionna Harrod,americanexpress,369,867,09-Apr-2010
420,Fredric Woofendell,mastercard,644,595,07-May-2010
279,Ellen Himsworth,maestro,284,624,21-Oct-2014
188,Theodore Horstead,instapayment,269,787,04-Sep-2013
320,Brittaney Spreckley,jcb,696,266,03-Aug-2015
983,Michel Sherar,bankcard,959,152,31-Jan-2013
177,Aaren Corday,maestro,927,379,30-Nov-2014
457,Wilfred Judron,diners-club-enroute,392,809,08-Feb-2016
565,Gunner Duncombe,jcb,554,857,09-Dec-2010
848,Caroljean Diperaus,maestro,712,159,23-Feb-2016
714,Dahlia Pirot,switch,737,562,20-Aug-2011
883,Yorgos Sterzaker,maestro,146,923,11-Jul-2017
738,Darrelle Gravener,americanexpress,716,138,21-Dec-2012
557,Cirillo Besnard,jcb,116,524,30-May-2016
334,Janot Yokelman,china-unionpay,204,643,21-Apr-2014
692,Mariann Glasscoo,jcb,931,185,01-Feb-2013
136,Melodie Bladge,instapayment,475,769,05-Aug-2010
499,Roanne Juggins,jcb,296,591,16-Jul-2011
683,Nesta Hugland,jcb,489,109,09-Feb-2012
329,Jourdain Eakeley,jcb,613,480,12-Apr-2014
243,Carolyn Kybbye,jcb,604,997,29-Jul-2012
963,Eberto Ellcome,mastercard,223,894,08-Mar-2013
183,Collete Errichelli,jcb,393,646,10-Jun-2017
504,Josias Crosskill,jcb,213,412,09-Jul-2015
470,Ofella Pere,jcb,199,646,23-Nov-2012
434,Jerri Cuxson,jcb,472,969,17-Oct-2014
393,Byron Blackmore,diners-club-enroute,241,961,25-Jul-2016
930,Cariotta Fernao,mastercard,940,180,17-Apr-2013
812,Adriaens Burkhill,visa-electron,496,553,21-Jun-2011
484,Quintina Plott,diners-club-us-ca,304,943,16-Mar-2016
243,Nickey Ericssen,maestro,754,411,16-Feb-2016
919,Dorothee Burdytt,jcb,520,685,22-Nov-2012
933,Gael Ackenson,visa,281,969,20-Feb-2015
217,Robinet Boteman,jcb,302,760,07-Apr-2015
230,Alexi Doley,jcb,108,103,10-May-2012
795,Dan Cardoso,instapayment,108,356,10-Sep-2017
519,Nettie Cowton,jcb,824,142,16-Dec-2016
226,Caleb Axelbee,jcb,905,990,02-Oct-2016
559,Weber Martugin,diners-club-carte-blanche,606,947,31-Oct-2016
401,Worden Severns,jcb,150,494,08-Aug-2016
212,Wendall Drew-Clifton,jcb,518,389,04-Apr-2010
211,Filbert Phillpotts,mastercard,884,378,02-Jan-2011
682,Ailyn Lamerton,jcb,384,514,19-Jan-2016
167,Dallas McGlade,visa-electron,317,645,25-Mar-2016
203,Melania Foyston,diners-club-carte-blanche,966,252,27-Jun-2012
130,Orville Rains,jcb,300,622,22-Sep-2010
599,Sibby Lindenboim,jcb,410,907,31-Jan-2017
837,Mignon Trundler,china-unionpay,173,537,11-Nov-2014
216,Fons Gonnet,americanexpress,730,474,29-Jul-2014
686,Silvana Gabbatt,americanexpress,799,470,20-Aug-2015
220,Nerte Jeffery,jcb,469,836,04-May-2017
214,Harmony Baxstair,mastercard,314,263,14-Jul-2014
465,Rich Povah,jcb,437,424,05-Aug-2011
682,Benedikta Rountree,diners-club-us-ca,597,213,01-May-2010
318,Felicity Schultheiss,jcb,284,463,24-Jul-2015
899,Ranique Lloyd-Williams,jcb,701,497,23-Aug-2013
544,Niven Gillison,jcb,658,765,27-Jan-2011
894,Sile Kidsley,switch,169,170,12-Oct-2013
180,Hugues Gencke,jcb,647,235,30-Mar-2016
544,Tynan Muncey,switch,603,586,21-Aug-2013
284,Nicol Jammes,americanexpress,944,372,09-Mar-2017
130,Leon Peyes,jcb,568,518,13-Sep-2010
616,Emmott Tuppeny,china-unionpay,167,445,08-Aug-2010
112,Constancy Manston,americanexpress,995,420,04-Aug-2017
326,Willie Rawlings,jcb,517,420,30-Aug-2013
164,Blondy Ashforth,jcb,363,373,01-Jan-2013
227,Clare Markson,jcb,104,811,11-Jan-2013
913,Marcille Jinda,mastercard,522,266,04-Feb-2012
413,Katherine Bonsall,diners-club-enroute,999,170,08-May-2015
652,Noelle Cops,jcb,775,916,12-Jun-2012
361,Antonin Inder,switch,974,416,13-Apr-2012
639,Pieter Baxstar,maestro,928,625,12-Apr-2016
617,Albertina Sacker,jcb,204,714,16-Nov-2014
949,Kaia Brixey,laser,225,772,27-Dec-2017
435,Cody Bellerby,jcb,457,685,16-Mar-2011
922,Harriot Robberecht,jcb,852,841,16-Jan-2012
586,Sisely Burkwood,maestro,872,777,10-Oct-2014
814,Web Brassill,americanexpress,170,144,03-May-2016
905,Nanny Brogi,visa,591,940,22-Jan-2015
469,Harriott Schoenfisch,maestro,984,612,14-Oct-2017
920,Damara Blakeway,jcb,872,140,02-Mar-2012
760,Carrol Speirs,china-unionpay,534,380,21-Mar-2017
444,Harriett Haslum,jcb,588,542,26-Jul-2013
495,Karita Everard,jcb,339,937,04-Mar-2011
648,Arly Reggler,diners-club-carte-blanche,329,487,05-Jan-2013
863,Catie Gaish,jcb,630,853,26-Feb-2013
370,Lorraine Light,jcb,333,340,10-May-2010
208,Lira Harry,diners-club-enroute,475,940,26-Jan-2017
993,Opaline Squeers,jcb,151,965,08-Sep-2012
283,Luis Van Baaren,diners-club-carte-blanche,318,559,30-Jul-2011
680,Benedict Sellack,bankcard,604,416,22-Jun-2013
253,Corrine Lisimore,jcb,590,515,19-Mar-2010
352,Modestia Scopes,laser,608,818,28-Oct-2013
672,Klara Hurdedge,jcb,198,512,11-Apr-2013
373,Amery Peatheyjohns,solo,514,823,25-Aug-2014
815,Lonnie McNally,jcb,765,160,21-Oct-2013
139,Corrina Peckett,jcb,635,280,20-Jan-2013
590,Mariellen Tongue,jcb,932,149,10-Feb-2015
163,Drusy Langsbury,instapayment,629,958,16-Aug-2012
474,Hertha Epdell,americanexpress,379,461,05-Mar-2016
854,Missy Macewan,visa-electron,529,432,13-Jul-2015
784,Rodolfo Bartosch,mastercard,770,564,28-Aug-2013
881,Claresta Kemetz,jcb,173,464,27-Feb-2014
878,Andris Warrier,mastercard,776,398,26-Jan-2016
839,Wren Tregonna,jcb,315,541,18-Feb-2016
667,Honey Szreter,jcb,543,361,26-Mar-2017
926,Tally Maddigan,jcb,976,906,05-Nov-2016
929,Kev Atton,instapayment,711,932,10-Aug-2014
126,Katalin Curling,maestro,296,760,05-Oct-2014
308,Janis Abreheart,switch,922,327,02-Jan-2014
175,Dav Bahl,diners-club-carte-blanche,715,542,27-Mar-2015
198,Pascal Cursey,bankcard,554,258,02-Jan-2013
245,Daisi Kidde,diners-club-enroute,866,687,24-Feb-2011
999,Bud Lawes,jcb,655,636,19-Oct-2016
366,Raviv Bevir,diners-club-enroute,581,853,02-Jun-2012
